"Envelope","Name","FundCode","Description","NonPledgePTD","Pledge","CPledgePTD","OPledgePTD","PrePay","Balance","SName","Year"
"REDACTED","52fa24cae33e415af09ddd310c5581b6","1","General Pledge","$10.00","$0.00","$0.00","$0.00","$0.00","$0.00","REDACTED","2019"
"REDACTED","556e5da0e5e4cea34273b6d8a765ae96","1","General Pledge","$0.00","$5,160.00","$1,720.00","$0.00","$0.00","$3,440.00","REDACTED","2019"
"REDACTED","36c0ebec8e6264db4da3b13672174c91","","","$0.00","$0.00","$0.00","$0.00","$0.00","$0.00","REDACTED","2019"
"REDACTED","b00ae19552e4853f8e3facab768c31f4","","","$0.00","$0.00","$0.00","$0.00","$0.00","$0.00","REDACTED","2019"
"REDACTED","3adc489cde945bc827fe8f5a34cea9d9","1","General Pledge","$0.00","$6,000.00","$1,300.00","$0.00","$0.00","$4,700.00","REDACTED","2019"
"REDACTED","3adc489cde945bc827fe8f5a34cea9d9","17","Rector Disc Fund","$1,000.00","$0.00","$0.00","$0.00","$0.00","$0.00","REDACTED","2019"
"REDACTED","3adc489cde945bc827fe8f5a34cea9d9","77","Pass Through","$250.00","$0.00","$0.00","$0.00","$0.00","$0.00","REDACTED","2019"
"REDACTED","6edf47f1f021b2d84076c81f8a4b6fd4","","","$0.00","$0.00","$0.00","$0.00","$0.00","$0.00","REDACTED","2019"
"REDACTED","98d2512484c067c9914cd341e6bdace4","1","General Pledge","$0.00","$10,000.00","$4,050.00","$0.00","$0.00","$5,950.00","REDACTED","2019"
"REDACTED","cc5cca7ecc39fdd55f1bf1163b5ebe40","1","General Pledge","$90.00","$2,250.00","$495.00","$0.00","$0.00","$1,755.00","REDACTED","2019"
"REDACTED","b82e020fcec82644ad7ea794f1806cc8","","","$0.00","$0.00","$0.00","$0.00","$0.00","$0.00","REDACTED","2019"
"REDACTED","82a0830cf74d8db9b25b0b2de28ec92e","","","$0.00","$0.00","$0.00","$0.00","$0.00","$0.00","REDACTED","2019"
"REDACTED","db9c9a409dc9d05f4850cb38ca6a1052","","","$0.00","$0.00","$0.00","$0.00","$0.00","$0.00","REDACTED","2019"
"REDACTED","3669aa19c54661f6ee4b49b28bb1fec8","","","$0.00","$0.00","$0.00","$0.00","$0.00","$0.00","REDACTED","2019"
"REDACTED","0882e96f730aa24a1165e085e3ee93a4","78","Office Expense Donat","$2.00","$0.00","$0.00","$0.00","$0.00","$0.00","REDACTED","2019"
"REDACTED","92efb9454ba2719f4d8c413cc740eeb8","","","$0.00","$0.00","$0.00","$0.00","$0.00","$0.00","REDACTED","2019"
"REDACTED","4c405eee3c1187b743ba28eae740d372","1","General Pledge","$100.00","$0.00","$0.00","$0.00","$0.00","$0.00","REDACTED","2019"
"REDACTED","13c8d014dc165d0e411ffcde772f6a39","1","General Pledge","$1,920.00","$0.00","$0.00","$0.00","$0.00","$0.00","REDACTED","2019"
"REDACTED","da2c676b9ebd3d80a729fdfd2e24144e","","","$0.00","$0.00","$0.00","$0.00","$0.00","$0.00","REDACTED","2019"
"REDACTED","2fbfc14ecf0d4d152f668acb643687a9","1","General Pledge","$0.00","$500.00","$235.00","$0.00","$0.00","$265.00","REDACTED","2019"
"REDACTED","2fbfc14ecf0d4d152f668acb643687a9","10","Easter Offering","$20.00","$0.00","$0.00","$0.00","$0.00","$0.00","REDACTED","2019"
"REDACTED","c41ac1017d7340ff80995778c3b275e0","","","$0.00","$0.00","$0.00","$0.00","$0.00","$0.00","REDACTED","2019"
"REDACTED","650b45c4293f614aa438aaff53f10611","","","$0.00","$0.00","$0.00","$0.00","$0.00","$0.00","REDACTED","2019"
"REDACTED","458bb29168a6f1e896afa7487d5ca837","1","General Pledge","$25.00","$0.00","$0.00","$0.00","$0.00","$0.00","REDACTED","2019"
"REDACTED","85fea2bbfc27d7550af4a525be239ce2","1","General Pledge","$220.00","$0.00","$0.00","$0.00","$0.00","$0.00","REDACTED","2019"
"REDACTED","34d052cae3cac04fe3ce507e410e9f8a","1","General Pledge","$0.00","$5,200.00","$330.00","$0.00","$0.00","$4,870.00","REDACTED","2019"
"REDACTED","7647d91b36778df24f2b7c70c0bcae1a","1","General Pledge","$0.00","$4,200.00","$1,400.00","$0.00","$0.00","$2,800.00","REDACTED","2019"
"REDACTED","07b878237917c188723fd1636e610d0f","","","$0.00","$0.00","$0.00","$0.00","$0.00","$0.00","REDACTED","2019"
"REDACTED","73b253a31f51a418787506162b56a5b1","1","General Pledge","$420.00","$0.00","$0.00","$0.00","$0.00","$0.00","REDACTED","2019"
"REDACTED","73b253a31f51a418787506162b56a5b1","10","Easter Offering","$60.00","$0.00","$0.00","$0.00","$0.00","$0.00","REDACTED","2019"
"REDACTED","73b253a31f51a418787506162b56a5b1","82","Good Friday Offering","$60.00","$0.00","$0.00","$0.00","$0.00","$0.00","REDACTED","2019"
"REDACTED","1516f49d2025438b299f771343bc9f83","","","$0.00","$0.00","$0.00","$0.00","$0.00","$0.00","REDACTED","2019"
"REDACTED","018ea81ee466b35e24bb316eb84524e2","13","Easter Memorials","$200.00","$0.00","$0.00","$0.00","$0.00","$0.00","REDACTED","2019"
"REDACTED","a0a9d9980a50efe036281f4d84aac4ad","","","$0.00","$0.00","$0.00","$0.00","$0.00","$0.00","REDACTED","2019"
"REDACTED","cfc4be3107ab9b65eb64c25292227008","","","$0.00","$0.00","$0.00","$0.00","$0.00","$0.00","REDACTED","2019"
"REDACTED","d45bb9d818d870add77fe10c936c98f9","1","General Pledge","$1,300.00","$0.00","$0.00","$0.00","$0.00","$0.00","REDACTED","2019"
"REDACTED","b99139ec80136091fc05e820615c64dd","1","General Pledge","$100.00","$0.00","$0.00","$0.00","$0.00","$0.00","REDACTED","2019"
"REDACTED","1a7ccf8bc4592cae93bc206fad53f047","","","$0.00","$0.00","$0.00","$0.00","$0.00","$0.00","REDACTED","2019"
"REDACTED","d1fdc8e11cfe7454790cf5eca103d96a","1","General Pledge","$250.00","$0.00","$0.00","$0.00","$0.00","$0.00","REDACTED","2019"
"REDACTED","b4dd495421dbf877c68c41aa2e5cadee","1","General Pledge","$0.00","$3,300.00","$1,125.00","$0.00","$0.00","$2,175.00","REDACTED","2019"
"REDACTED","b4dd495421dbf877c68c41aa2e5cadee","10","Easter Offering","$100.00","$0.00","$0.00","$0.00","$0.00","$0.00","REDACTED","2019"
"REDACTED","d3a1b552ea16fbb669f137fa5edf2662","","","$0.00","$0.00","$0.00","$0.00","$0.00","$0.00","REDACTED","2019"
"REDACTED","e5d1e19cb15081b754badcc6af8ed220","","","$0.00","$0.00","$0.00","$0.00","$0.00","$0.00","REDACTED","2019"
"REDACTED","ad9aff000c658837a0f2032f8626e546","1","General Pledge","$400.00","$0.00","$0.00","$0.00","$0.00","$0.00","REDACTED","2019"
"REDACTED","7974cb04cc897f87385a1bce4ab5fb6f","1","General Pledge","$325.00","$0.00","$0.00","$0.00","$0.00","$0.00","REDACTED","2019"
"REDACTED","8f73c1d42908a78cf87200c5a82da72e","","","$0.00","$0.00","$0.00","$0.00","$0.00","$0.00","REDACTED","2019"
"REDACTED","8fddac720863f4a4b82cbfb78f00c5c6","1","General Pledge","$850.00","$0.00","$0.00","$0.00","$0.00","$0.00","REDACTED","2019"
"REDACTED","8fddac720863f4a4b82cbfb78f00c5c6","13","Easter Memorials","$125.00","$0.00","$0.00","$0.00","$0.00","$0.00","REDACTED","2019"
"REDACTED","8fddac720863f4a4b82cbfb78f00c5c6","82","Good Friday Offering","$50.00","$0.00","$0.00","$0.00","$0.00","$0.00","REDACTED","2019"
"REDACTED","b41a03174c8f6e58d7b97b2864142a05","1","General Pledge","$0.00","$5,200.00","$2,800.00","$0.00","$0.00","$2,400.00","REDACTED","2019"
"REDACTED","b41a03174c8f6e58d7b97b2864142a05","10","Easter Offering","$50.00","$0.00","$0.00","$0.00","$0.00","$0.00","REDACTED","2019"
"REDACTED","9777ee81aaec4023cc21f9dbb605adcb","","","$0.00","$0.00","$0.00","$0.00","$0.00","$0.00","REDACTED","2019"
"REDACTED","156e5c550bbe13884fcc267fb35beac0","5","Memorial Fund","$100.00","$0.00","$0.00","$0.00","$0.00","$0.00","REDACTED","2019"
"REDACTED","46e9fb3bfeb911f40a24f332c8dd2762","","","$0.00","$0.00","$0.00","$0.00","$0.00","$0.00","REDACTED","2019"
"REDACTED","3efbbf5c81d43aeae69cf76b0e2f5e03","","","$0.00","$0.00","$0.00","$0.00","$0.00","$0.00","REDACTED","2019"
"REDACTED","094452a48406e2e584717d225e7057eb","","","$0.00","$0.00","$0.00","$0.00","$0.00","$0.00","REDACTED","2019"
"REDACTED","51992773018919aa2410c14be32f646d","","","$0.00","$0.00","$0.00","$0.00","$0.00","$0.00","REDACTED","2019"
"REDACTED","4df025d4ab75843b834d0e4a209f4746","","","$0.00","$0.00","$0.00","$0.00","$0.00","$0.00","REDACTED","2019"
"REDACTED","2f9d0ef6bec8d4fab62a844b17948331","1","General Pledge","$200.00","$0.00","$0.00","$0.00","$0.00","$0.00","REDACTED","2019"
"REDACTED","54c577db2aa7d50796ff7d3bd6d0356d","1","General Pledge","$0.00","$1,300.00","$0.00","$0.00","$0.00","$1,300.00","REDACTED","2019"
"REDACTED","54c577db2aa7d50796ff7d3bd6d0356d","11","Christmas Offering","$25.00","$0.00","$0.00","$0.00","$0.00","$0.00","REDACTED","2019"
"REDACTED","54c577db2aa7d50796ff7d3bd6d0356d","108","Restoration & Repair Fund","$350.00","$0.00","$0.00","$0.00","$0.00","$0.00","REDACTED","2019"
"REDACTED","1871d3f4d2d0de3bda6b1d0e657e39d0","1","General Pledge","$0.00","$1,300.00","$375.00","$0.00","$0.00","$925.00","REDACTED","2019"
"REDACTED","9ae457a5235c2e2ded392dcc8baa1036","1","General Pledge","$600.00","$0.00","$0.00","$0.00","$0.00","$0.00","REDACTED","2019"
"REDACTED","9ae457a5235c2e2ded392dcc8baa1036","28","Soup Kitchen","$100.00","$0.00","$0.00","$0.00","$0.00","$0.00","REDACTED","2019"
"REDACTED","2926e2a1914d0226d7ba1b7a613dcbe6","","","$0.00","$0.00","$0.00","$0.00","$0.00","$0.00","REDACTED","2019"
"REDACTED","46619477835994793befb29c145be439","1","General Pledge","$800.00","$0.00","$0.00","$0.00","$0.00","$0.00","REDACTED","2019"
"REDACTED","96a5b8a7b4ce6b24ffef8ed606825ce4","","","$0.00","$0.00","$0.00","$0.00","$0.00","$0.00","REDACTED","2019"
"REDACTED","8256be212acfac631b1ac7b5f8f63bb1","1","General Pledge","$100.00","$0.00","$0.00","$0.00","$0.00","$0.00","REDACTED","2019"
"REDACTED","b5ccea2c0efd15bd89dd1e2ac54d7552","1","General Pledge","$1,050.00","$0.00","$0.00","$0.00","$0.00","$0.00","REDACTED","2019"
"REDACTED","7c9c63ac9a023ca34be4efea3496ec5f","1","General Pledge","$20.00","$0.00","$0.00","$0.00","$0.00","$0.00","REDACTED","2019"
"REDACTED","be22b207d217eecdd2bfdf4cec1ccde6","","","$0.00","$0.00","$0.00","$0.00","$0.00","$0.00","REDACTED","2019"
"REDACTED","f282cede4ffc8242dc96fbf20d3990ef","1","General Pledge","$0.00","$650.00","$650.00","$0.00","$0.00","$0.00","REDACTED","2019"
"REDACTED","fad9d78a0a991c9ae014e3a8468ef271","1","General Pledge","$0.00","$1,000.00","$400.00","$0.00","$0.00","$600.00","REDACTED","2019"
"REDACTED","fad9d78a0a991c9ae014e3a8468ef271","10","Easter Offering","$10.00","$0.00","$0.00","$0.00","$0.00","$0.00","REDACTED","2019"
"REDACTED","662132c76cc32d534e338223b40015c4","1","General Pledge","$200.00","$0.00","$0.00","$0.00","$0.00","$0.00","REDACTED","2019"
"REDACTED","662132c76cc32d534e338223b40015c4","10","Easter Offering","$100.00","$0.00","$0.00","$0.00","$0.00","$0.00","REDACTED","2019"
"REDACTED","c325a9a79c800329f86b59c6563943b2","1","General Pledge","$0.00","$2,964.00","$855.00","$0.00","$0.00","$2,109.00","REDACTED","2019"
"REDACTED","34062eb6dc291f292d18d149b481e109","1","General Pledge","$880.00","$0.00","$0.00","$0.00","$0.00","$0.00","REDACTED","2019"
"REDACTED","17c01b389b9f7741449d52032bd121d6","","","$0.00","$0.00","$0.00","$0.00","$0.00","$0.00","REDACTED","2019"
"REDACTED","4d242da36e6f78d397fcfca038c10e38","1","General Pledge","$0.00","$7,800.00","$2,550.00","$0.00","$0.00","$5,250.00","REDACTED","2019"
"REDACTED","69928f733c5e3f784eeb731305863cb8","","","$0.00","$0.00","$0.00","$0.00","$0.00","$0.00","REDACTED","2019"
"REDACTED","89d0fcd15f15a405784a9a991c890a51","","","$0.00","$0.00","$0.00","$0.00","$0.00","$0.00","REDACTED","2019"
"REDACTED","4e36cb3cda0f652221ffbbed6aef6aff","","","$0.00","$0.00","$0.00","$0.00","$0.00","$0.00","REDACTED","2019"
"REDACTED","c67ff94d297ebbb313525e2777aa3410","1","General Pledge","$350.00","$0.00","$0.00","$0.00","$0.00","$0.00","REDACTED","2019"
"REDACTED","3f73c1ed58c6999a3a823dc361fc3645","1","General Pledge","$340.00","$0.00","$0.00","$0.00","$0.00","$0.00","REDACTED","2019"
"REDACTED","ca3109a37e17f760aa99a1c4fa1ab3e2","1","General Pledge","$300.00","$0.00","$0.00","$0.00","$0.00","$0.00","REDACTED","2019"
"REDACTED","d733668f86ec8cf1db3040dc1bea43bb","1","General Pledge","$500.00","$0.00","$0.00","$0.00","$0.00","$0.00","REDACTED","2019"
"REDACTED","5c6ba351f91f11f5fb718e3ba2d302b2","1","General Pledge","$100.00","$0.00","$0.00","$0.00","$0.00","$0.00","REDACTED","2019"
"REDACTED","97176303a026c05385e2b640c49d15ae","","","$0.00","$0.00","$0.00","$0.00","$0.00","$0.00","REDACTED","2019"
"REDACTED","7f019c33e07f852d8c71dcecbd7e9819","","","$0.00","$0.00","$0.00","$0.00","$0.00","$0.00","REDACTED","2019"
"REDACTED","fd59aee7fe388e6441a3d84a51da9e75","","","$0.00","$0.00","$0.00","$0.00","$0.00","$0.00","REDACTED","2019"
"REDACTED","534790549ec80eb93970eac90038a78b","1","General Pledge","$80.00","$0.00","$0.00","$0.00","$0.00","$0.00","REDACTED","2019"
"REDACTED","534790549ec80eb93970eac90038a78b","10","Easter Offering","$10.00","$0.00","$0.00","$0.00","$0.00","$0.00","REDACTED","2019"
"REDACTED","857aeb876159317c6e8cc9163511649b","1","General Pledge","$0.00","$1,200.00","$0.00","$0.00","$0.00","$1,200.00","REDACTED","2019"
"REDACTED","71ffc31f2518e1d61572bc57eb9a0e1f","1","General Pledge","$450.00","$0.00","$0.00","$0.00","$0.00","$0.00","REDACTED","2019"
"REDACTED","aa3df2b28dd7f57b1d1557bace8f28c1","1","General Pledge","$1,335.00","$0.00","$0.00","$0.00","$0.00","$0.00","REDACTED","2019"
"REDACTED","aa3df2b28dd7f57b1d1557bace8f28c1","10","Easter Offering","$500.00","$0.00","$0.00","$0.00","$0.00","$0.00","REDACTED","2019"
"REDACTED","aa3df2b28dd7f57b1d1557bace8f28c1","23","Altar supplies","$90.00","$0.00","$0.00","$0.00","$0.00","$0.00","REDACTED","2019"
"REDACTED","5befd0dae6d38d1452a7e84398c47644","1","General Pledge","$160.00","$0.00","$0.00","$0.00","$0.00","$0.00","REDACTED","2019"
"REDACTED","c31a77fafa5259cc5ad0c34b89263054","1","General Pledge","$900.00","$0.00","$0.00","$0.00","$0.00","$0.00","REDACTED","2019"
"REDACTED","328d9d05b8be0c9d0a333591ed14c4e5","","","$0.00","$0.00","$0.00","$0.00","$0.00","$0.00","REDACTED","2019"
"REDACTED","8229f079a7da755ff4d628edff383c8e","1","General Pledge","$0.00","$2,400.00","$800.00","$0.00","$0.00","$1,600.00","REDACTED","2019"
"REDACTED","8229f079a7da755ff4d628edff383c8e","13","Easter Memorials","$25.00","$0.00","$0.00","$0.00","$0.00","$0.00","REDACTED","2019"
"REDACTED","8b2797c090fdbb4568b87d7c1cec8655","","","$0.00","$0.00","$0.00","$0.00","$0.00","$0.00","REDACTED","2019"
"REDACTED","f7f765b143bd671e4c6134dface77f2a","","","$0.00","$0.00","$0.00","$0.00","$0.00","$0.00","REDACTED","2019"
"REDACTED","463bef5d37be6cefd5fce8871d4ffffb","1","General Pledge","$0.00","$7,020.00","$0.00","$0.00","$0.00","$7,020.00","REDACTED","2019"
"REDACTED","e24d608f6a2a1b2e42dcfdf79552d165","","","$0.00","$0.00","$0.00","$0.00","$0.00","$0.00","REDACTED","2019"
"REDACTED","b3f78b6407c0cf9443569f3a745184e6","5","Memorial Fund","$100.00","$0.00","$0.00","$0.00","$0.00","$0.00","REDACTED","2019"
"REDACTED","d1ad0a129e4a2510d2f667766e636383","10","Easter Offering","$20.00","$0.00","$0.00","$0.00","$0.00","$0.00","REDACTED","2019"
"REDACTED","22cedda275302958c5cf7b650cbad9c1","1","General Pledge","$0.00","$1,920.00","$640.00","$0.00","$0.00","$1,280.00","REDACTED","2019"
"REDACTED","a5877c2b897975bbb854e53c2dd94380","1","General Pledge","$1,500.00","$0.00","$0.00","$0.00","$0.00","$0.00","REDACTED","2019"
"REDACTED","aa342c07696e5ef12b3b54a22c23be70","","","$0.00","$0.00","$0.00","$0.00","$0.00","$0.00","REDACTED","2019"
"REDACTED","cdd64882fc448d7eeaf9083962ce50ec","1","General Pledge","$0.00","$2,400.00","$800.00","$0.00","$0.00","$1,600.00","REDACTED","2019"
"REDACTED","7397be306e9092352deb9db99329fa1f","1","General Pledge","$200.00","$0.00","$0.00","$0.00","$0.00","$0.00","REDACTED","2019"
"REDACTED","58b0aff82412b5360283ba85e46dbcfa","1","General Pledge","$20.00","$0.00","$0.00","$0.00","$0.00","$0.00","REDACTED","2019"
"REDACTED","c2b5cc5413d495256bd46caffe43e382","","","$0.00","$0.00","$0.00","$0.00","$0.00","$0.00","REDACTED","2019"
"REDACTED","f5e414073b569b4f2700863eff81b4f6","1","General Pledge","$0.00","$2,400.00","$600.00","$0.00","$0.00","$1,800.00","REDACTED","2019"
"REDACTED","f5e414073b569b4f2700863eff81b4f6","10","Easter Offering","$100.00","$0.00","$0.00","$0.00","$0.00","$0.00","REDACTED","2019"
"REDACTED","7e91dc77c4f9b7f00cfd602063685927","","","$0.00","$0.00","$0.00","$0.00","$0.00","$0.00","REDACTED","2019"
"REDACTED","8dbb8ad2459447d1c4721f5fc9717eaf","1","General Pledge","$0.00","$2,000.00","$520.00","$0.00","$0.00","$1,480.00","REDACTED","2019"
"REDACTED","8dbb8ad2459447d1c4721f5fc9717eaf","10","Easter Offering","$25.00","$0.00","$0.00","$0.00","$0.00","$0.00","REDACTED","2019"
"REDACTED","8dbb8ad2459447d1c4721f5fc9717eaf","13","Easter Memorials","$50.00","$0.00","$0.00","$0.00","$0.00","$0.00","REDACTED","2019"
"REDACTED","8dbb8ad2459447d1c4721f5fc9717eaf","80","Daughters of the King","$20.00","$0.00","$0.00","$0.00","$0.00","$0.00","REDACTED","2019"
"REDACTED","774f9be6d00cedd5aff90a458958ce1c","","","$0.00","$0.00","$0.00","$0.00","$0.00","$0.00","REDACTED","2019"
"REDACTED","96f38e9d75691f75af3cb0905369eb73","1","General Pledge","$1,000.00","$0.00","$0.00","$0.00","$0.00","$0.00","REDACTED","2019"
"REDACTED","96f38e9d75691f75af3cb0905369eb73","48","Music","$205.00","$0.00","$0.00","$0.00","$0.00","$0.00","REDACTED","2019"
"REDACTED","34fbfac7ec1b0a82cf0cb6fbffb8d788","1","General Pledge","$0.00","$3,380.00","$1,300.00","$0.00","$0.00","$2,080.00","REDACTED","2019"
"REDACTED","34fbfac7ec1b0a82cf0cb6fbffb8d788","10","Easter Offering","$65.00","$0.00","$0.00","$0.00","$0.00","$0.00","REDACTED","2019"
"REDACTED","34fbfac7ec1b0a82cf0cb6fbffb8d788","82","Good Friday Offering","$25.00","$0.00","$0.00","$0.00","$0.00","$0.00","REDACTED","2019"
"REDACTED","a91a3139adc6d28694c5c33c82b6ef19","1","General Pledge","$0.00","$720.00","$240.00","$0.00","$0.00","$480.00","REDACTED","2019"
"REDACTED","f5935d4ce74d94a7c194ee091d7e0a46","1","General Pledge","$0.00","$2,400.00","$2,400.00","$0.00","$0.00","$0.00","REDACTED","2019"
"REDACTED","3f0a06ac2d115327a67691c986e91ea3","","","$0.00","$0.00","$0.00","$0.00","$0.00","$0.00","REDACTED","2019"
"REDACTED","0352a2d8ea795c6082a7d50fec55d90c","","","$0.00","$0.00","$0.00","$0.00","$0.00","$0.00","REDACTED","2019"
"REDACTED","009eeed11b21f300edb33c3c613ab3d5","1","General Pledge","$0.00","$1,200.00","$400.00","$0.00","$0.00","$800.00","REDACTED","2019"
"REDACTED","009eeed11b21f300edb33c3c613ab3d5","13","Easter Memorials","$40.00","$0.00","$0.00","$0.00","$0.00","$0.00","REDACTED","2019"
"REDACTED","13ed2b42c2a486f74c371a7a47623cbb","1","General Pledge","$0.00","$6,000.00","$2,550.00","$0.00","$0.00","$3,450.00","REDACTED","2019"
"REDACTED","13ed2b42c2a486f74c371a7a47623cbb","77","Pass Through","$25.00","$0.00","$0.00","$0.00","$0.00","$0.00","REDACTED","2019"
"REDACTED","b86fc5720921ca64d81204e5be63cfc8","1","General Pledge","$0.00","$300.00","$50.00","$0.00","$0.00","$250.00","REDACTED","2019"
"REDACTED","ad3e171b8abb0a2f54f962714873cc81","","","$0.00","$0.00","$0.00","$0.00","$0.00","$0.00","REDACTED","2019"
"REDACTED","3c478bddc900e02ab9d25421053b9720","","","$0.00","$0.00","$0.00","$0.00","$0.00","$0.00","REDACTED","2019"
"REDACTED","cf9f05be4a32cdf56cfe9160562ac905","","","$0.00","$0.00","$0.00","$0.00","$0.00","$0.00","REDACTED","2019"
"REDACTED","940ee5957ca646457df1a3d5f5bf01af","1","General Pledge","$200.00","$0.00","$0.00","$0.00","$0.00","$0.00","REDACTED","2019"
"REDACTED","75c852903c04dba750fc8d94e806dd1b","","","$0.00","$0.00","$0.00","$0.00","$0.00","$0.00","REDACTED","2019"
"REDACTED","db486ca32d61a9225491568a1cdd989c","","","$0.00","$0.00","$0.00","$0.00","$0.00","$0.00","REDACTED","2019"
"REDACTED","9d1feefd2213add078225bb07f2d41ea","1","General Pledge","$0.00","$1,500.00","$650.00","$0.00","$0.00","$850.00","REDACTED","2019"
"REDACTED","08ac7a44d0a3275bf2b6caa26d7b4ebf","1","General Pledge","$1,050.50","$0.00","$0.00","$0.00","$0.00","$0.00","REDACTED","2019"
"REDACTED","08ac7a44d0a3275bf2b6caa26d7b4ebf","10","Easter Offering","$20.00","$0.00","$0.00","$0.00","$0.00","$0.00","REDACTED","2019"
"REDACTED","08ac7a44d0a3275bf2b6caa26d7b4ebf","82","Good Friday Offering","$20.00","$0.00","$0.00","$0.00","$0.00","$0.00","REDACTED","2019"
"REDACTED","09c331dc1e5539c219435039a951cb35","1","General Pledge","$0.00","$6,000.00","$2,000.00","$0.00","$0.00","$4,000.00","REDACTED","2019"
"REDACTED","09c331dc1e5539c219435039a951cb35","10","Easter Offering","$100.00","$0.00","$0.00","$0.00","$0.00","$0.00","REDACTED","2019"
"REDACTED","caf0ca4d5cf77a8fcaf75b58f2299a99","1","General Pledge","$40.00","$0.00","$0.00","$0.00","$0.00","$0.00","REDACTED","2019"
"REDACTED","b74afc861d0a24526a05cd360cb8d707","1","General Pledge","$305.00","$0.00","$0.00","$0.00","$0.00","$0.00","REDACTED","2019"
"REDACTED","b74afc861d0a24526a05cd360cb8d707","28","Soup Kitchen","$75.00","$0.00","$0.00","$0.00","$0.00","$0.00","REDACTED","2019"
"REDACTED","a82589cb297d03248ab8e746013d9634","1","General Pledge","$200.00","$0.00","$0.00","$0.00","$0.00","$0.00","REDACTED","2019"
"REDACTED","6600ea51695c61f6e06aeecf1f494d3f","","","$0.00","$0.00","$0.00","$0.00","$0.00","$0.00","REDACTED","2019"
"REDACTED","2cc141e52f22631af0bbf96a1df2dbc2","1","General Pledge","$1,700.00","$0.00","$0.00","$0.00","$0.00","$0.00","REDACTED","2019"
"REDACTED","2cc141e52f22631af0bbf96a1df2dbc2","5","Memorial Fund","$400.00","$0.00","$0.00","$0.00","$0.00","$0.00","REDACTED","2019"
"REDACTED","2cc141e52f22631af0bbf96a1df2dbc2","94","Choral Scholars","$100.00","$0.00","$0.00","$0.00","$0.00","$0.00","REDACTED","2019"
"REDACTED","2cc141e52f22631af0bbf96a1df2dbc2","108","Restoration & Repair Fund","$200.00","$0.00","$0.00","$0.00","$0.00","$0.00","REDACTED","2019"
"REDACTED","066222f40c9e4c81173ca1eea4e53489","1","General Pledge","$0.00","$11,400.00","$3,800.00","$0.00","$0.00","$7,600.00","REDACTED","2019"
"REDACTED","066222f40c9e4c81173ca1eea4e53489","100","Youth Missions","$41.10","$0.00","$0.00","$0.00","$0.00","$0.00","REDACTED","2019"
"REDACTED","9ae34cc39c5e5353cd87db6768196316","1","General Pledge","$400.00","$0.00","$0.00","$0.00","$0.00","$0.00","REDACTED","2019"
"REDACTED","9ae34cc39c5e5353cd87db6768196316","10","Easter Offering","$100.00","$0.00","$0.00","$0.00","$0.00","$0.00","REDACTED","2019"
"REDACTED","d4eddd0fabaabcccbf6c25bfb13922bd","1","General Pledge","$0.00","$2,400.00","$950.00","$0.00","$0.00","$1,450.00","REDACTED","2019"
"REDACTED","87aac4514685c465a4d4b8a65ef31c47","","","$0.00","$0.00","$0.00","$0.00","$0.00","$0.00","REDACTED","2019"
"REDACTED","f9ec759b2402c485774ff23774be5055","1","General Pledge","$275.00","$0.00","$0.00","$0.00","$0.00","$0.00","REDACTED","2019"
"REDACTED","f9ec759b2402c485774ff23774be5055","13","Easter Memorials","$100.00","$0.00","$0.00","$0.00","$0.00","$0.00","REDACTED","2019"
"REDACTED","56b044b59cc774804a396c15f95acfc3","1","General Pledge","$140.00","$0.00","$0.00","$0.00","$0.00","$0.00","REDACTED","2019"
"REDACTED","8883c763e9dec3f1955a645b7b58d5c9","1","General Pledge","$400.00","$0.00","$0.00","$0.00","$0.00","$0.00","REDACTED","2019"
"REDACTED","25426de66ed0f3c4837030bf477ba281","","","$0.00","$0.00","$0.00","$0.00","$0.00","$0.00","REDACTED","2019"
"REDACTED","2aa2524af899d71707e06bf0c3006ceb","","","$0.00","$0.00","$0.00","$0.00","$0.00","$0.00","REDACTED","2019"
"REDACTED","2b7e4751b940e9c2de7cdeb130b16d46","1","General Pledge","$50.00","$0.00","$0.00","$0.00","$0.00","$0.00","REDACTED","2019"
"REDACTED","5284a708c4a54e8895db56d70a0a3447","1","General Pledge","$5,020.00","$0.00","$0.00","$0.00","$0.00","$0.00","REDACTED","2019"
"REDACTED","ae4f1c35488c28d561c911aa4cd169e1","1","General Pledge","$0.00","$3,900.00","$1,445.00","$0.00","$0.00","$2,455.00","REDACTED","2019"
"REDACTED","ae4f1c35488c28d561c911aa4cd169e1","5","Memorial Fund","$25.00","$0.00","$0.00","$0.00","$0.00","$0.00","REDACTED","2019"
"REDACTED","ae4f1c35488c28d561c911aa4cd169e1","10","Easter Offering","$25.00","$0.00","$0.00","$0.00","$0.00","$0.00","REDACTED","2019"
"REDACTED","ae4f1c35488c28d561c911aa4cd169e1","82","Good Friday Offering","$25.00","$0.00","$0.00","$0.00","$0.00","$0.00","REDACTED","2019"
"REDACTED","3403c2c700630d2b974c498cd305b85c","1","General Pledge","$200.00","$0.00","$0.00","$0.00","$0.00","$0.00","REDACTED","2019"
"REDACTED","4a20370ade9cb512138b2c4997cc1aff","1","General Pledge","$320.00","$0.00","$0.00","$0.00","$0.00","$0.00","REDACTED","2019"
"REDACTED","4a20370ade9cb512138b2c4997cc1aff","10","Easter Offering","$20.00","$0.00","$0.00","$0.00","$0.00","$0.00","REDACTED","2019"
"REDACTED","8d7b9257cb04bb0e0bf435ed3dc1f6e6","","","$0.00","$0.00","$0.00","$0.00","$0.00","$0.00","REDACTED","2019"
"REDACTED","d3d684b34f9fee0f144450f001c0aece","","","$0.00","$0.00","$0.00","$0.00","$0.00","$0.00","REDACTED","2019"
"REDACTED","837e619e13cd826a3dfe507408d7edc2","","","$0.00","$0.00","$0.00","$0.00","$0.00","$0.00","REDACTED","2019"
"REDACTED","b8ea37aa1ac3174e4621e637ddf24350","","","$0.00","$0.00","$0.00","$0.00","$0.00","$0.00","REDACTED","2019"
"REDACTED","981602b81bce42e31b6f1e1a806ceeb1","13","Easter Memorials","$30.00","$0.00","$0.00","$0.00","$0.00","$0.00","REDACTED","2019"
"REDACTED","23dcca7d6480b639b8f121083cf5ff23","","","$0.00","$0.00","$0.00","$0.00","$0.00","$0.00","REDACTED","2019"
"REDACTED","f20cc35d1c18ca630e567cc81974bb21","","","$0.00","$0.00","$0.00","$0.00","$0.00","$0.00","REDACTED","2019"
"REDACTED","cbb0d26467622a5fd63ebade11e520a4","1","General Pledge","$0.00","$6,000.00","$2,100.00","$0.00","$0.00","$3,900.00","REDACTED","2019"
"REDACTED","cbb0d26467622a5fd63ebade11e520a4","77","Pass Through","$600.00","$0.00","$0.00","$0.00","$0.00","$0.00","REDACTED","2019"
"REDACTED","9d510901ef2f0d986302ec70ca2abe2b","","","$0.00","$0.00","$0.00","$0.00","$0.00","$0.00","REDACTED","2019"
"REDACTED","9c4e8938c0c1585dcfc5d6ccfc581ab0","","","$0.00","$0.00","$0.00","$0.00","$0.00","$0.00","REDACTED","2019"
"REDACTED","627147daeeebe8bfdd75d5d318cb0d11","","","$0.00","$0.00","$0.00","$0.00","$0.00","$0.00","REDACTED","2019"
"REDACTED","df523c79b997ade3622b8eadd70f091b","","","$0.00","$0.00","$0.00","$0.00","$0.00","$0.00","REDACTED","2019"
"REDACTED","8247c71fc927adb8b5b4fa9879e8253a","1","General Pledge","$0.00","$9,000.00","$3,000.00","$0.00","$0.00","$6,000.00","REDACTED","2019"
"REDACTED","8247c71fc927adb8b5b4fa9879e8253a","77","Pass Through","$20.00","$0.00","$0.00","$0.00","$0.00","$0.00","REDACTED","2019"
"REDACTED","ba03c383ea0994d525bd7a5ac13cb2d9","1","General Pledge","$600.00","$0.00","$0.00","$0.00","$0.00","$0.00","REDACTED","2019"
"REDACTED","ba03c383ea0994d525bd7a5ac13cb2d9","77","Pass Through","$75.00","$0.00","$0.00","$0.00","$0.00","$0.00","REDACTED","2019"
"REDACTED","16850f30779cf5b5c2f7f8ddabf89c2c","","","$0.00","$0.00","$0.00","$0.00","$0.00","$0.00","REDACTED","2019"
"REDACTED","f83d732afb7a58346a989758470d1cd1","","","$0.00","$0.00","$0.00","$0.00","$0.00","$0.00","REDACTED","2019"
"REDACTED","bc58bf58f177280e3a75cdffec1bf9d1","28","Soup Kitchen","$200.00","$0.00","$0.00","$0.00","$0.00","$0.00","REDACTED","2019"
"REDACTED","0ad56f4e3c40f71cadf14177e4712263","","","$0.00","$0.00","$0.00","$0.00","$0.00","$0.00","REDACTED","2019"
"REDACTED","f178ae0714684ee8f49238d0eddf0e33","","","$0.00","$0.00","$0.00","$0.00","$0.00","$0.00","REDACTED","2019"
"REDACTED","e2ea1a1e6e2a2b544e17abe1410046ae","1","General Pledge","$3,200.00","$0.00","$0.00","$0.00","$0.00","$0.00","REDACTED","2019"
"REDACTED","872f73890a958104a2308dedc31292fa","1","General Pledge","$360.00","$0.00","$0.00","$0.00","$0.00","$0.00","REDACTED","2019"
"REDACTED","22f0e86157d99124c9259b00b900758d","","","$0.00","$0.00","$0.00","$0.00","$0.00","$0.00","REDACTED","2019"
"REDACTED","79f53b5d6a631d33dc8c5cc274e054d5","1","General Pledge","$600.00","$0.00","$0.00","$0.00","$0.00","$0.00","REDACTED","2019"
"REDACTED","f30321020693f2ba3e6a00167efa59fe","","","$0.00","$0.00","$0.00","$0.00","$0.00","$0.00","REDACTED","2019"
"REDACTED","7908466cdf2312a0c947b5c2ef984b40","1","General Pledge","$0.00","$4,800.00","$1,600.00","$0.00","$0.00","$3,200.00","REDACTED","2019"
"REDACTED","5d5dc2978180459573a84b5ab3b1fb7b","","","$0.00","$0.00","$0.00","$0.00","$0.00","$0.00","REDACTED","2019"
"REDACTED","f601d2d157faf2b9cf52cc58e9d4f5c8","","","$0.00","$0.00","$0.00","$0.00","$0.00","$0.00","REDACTED","2019"
"REDACTED","af8bdb39062a3559d4ae56271669b39a","1","General Pledge","$0.00","$3,600.00","$0.00","$0.00","$0.00","$3,600.00","REDACTED","2019"
"REDACTED","c3700dadd06e78f68cec9bb914fcf432","1","General Pledge","$850.00","$0.00","$0.00","$0.00","$0.00","$0.00","REDACTED","2019"
"REDACTED","d3293fe8ff552eba40dbb5605178f904","1","General Pledge","$0.00","$1,020.00","$340.00","$0.00","$0.00","$680.00","REDACTED","2019"
"REDACTED","381c2160d5e5222beb8fe602465d5080","1","General Pledge","$0.00","$1,440.00","$720.00","$0.00","$0.00","$720.00","REDACTED","2019"
"REDACTED","381c2160d5e5222beb8fe602465d5080","23","Altar supplies","$180.00","$0.00","$0.00","$0.00","$0.00","$0.00","REDACTED","2019"
"REDACTED","656eca8a40e29bb7a39933230e1bf63a","1","General Pledge","$950.00","$0.00","$0.00","$0.00","$0.00","$0.00","REDACTED","2019"
"REDACTED","656eca8a40e29bb7a39933230e1bf63a","28","Soup Kitchen","$450.00","$0.00","$0.00","$0.00","$0.00","$0.00","REDACTED","2019"
"REDACTED","6603ce9dcff25ed4431720ca21915fce","","","$0.00","$0.00","$0.00","$0.00","$0.00","$0.00","REDACTED","2019"
"REDACTED","bafb1fe8bc31d3892276e9fd0d3c53e8","","","$0.00","$0.00","$0.00","$0.00","$0.00","$0.00","REDACTED","2019"
"REDACTED","e71ae0fdb56f1083903529bdfa9c874c","","","$0.00","$0.00","$0.00","$0.00","$0.00","$0.00","REDACTED","2019"
"REDACTED","c93b589c5d5f8c1135dc90f621e774e2","","","$0.00","$0.00","$0.00","$0.00","$0.00","$0.00","REDACTED","2019"
"REDACTED","5e820169049b9dfba95a92ba9bce8a48","1","General Pledge","$20.00","$0.00","$0.00","$0.00","$0.00","$0.00","REDACTED","2019"
"REDACTED","0e6105eba7c76845e6f0925aca8149e2","1","General Pledge","$0.00","$2,400.00","$0.00","$0.00","$0.00","$2,400.00","REDACTED","2019"
"REDACTED","0e6105eba7c76845e6f0925aca8149e2","13","Easter Memorials","$40.00","$0.00","$0.00","$0.00","$0.00","$0.00","REDACTED","2019"
"REDACTED","cea5f5b5df9adee069e1fb8ae5025b05","1","General Pledge","$100.00","$0.00","$0.00","$0.00","$0.00","$0.00","REDACTED","2019"
"REDACTED","cea5f5b5df9adee069e1fb8ae5025b05","10","Easter Offering","$50.00","$0.00","$0.00","$0.00","$0.00","$0.00","REDACTED","2019"
"REDACTED","e3b80e6b9a7c0c13831ca5a95a17bf0e","1","General Pledge","$10.00","$0.00","$0.00","$0.00","$0.00","$0.00","REDACTED","2019"
"REDACTED","a5b6fa1a8b4c328416332b9a383e4c22","","","$0.00","$0.00","$0.00","$0.00","$0.00","$0.00","REDACTED","2019"
"REDACTED","d4f828126c14f31fcc140d4ca8c2c395","","","$0.00","$0.00","$0.00","$0.00","$0.00","$0.00","REDACTED","2019"
"REDACTED","e5171615884a5ea60f90fceeb8f08015","","","$0.00","$0.00","$0.00","$0.00","$0.00","$0.00","REDACTED","2019"
"REDACTED","bac7c7fcce7bd12043564767b9a2382a","","","$0.00","$0.00","$0.00","$0.00","$0.00","$0.00","REDACTED","2019"
"REDACTED","0297bcdcef6702d18ff8852ada109f65","","","$0.00","$0.00","$0.00","$0.00","$0.00","$0.00","REDACTED","2019"
"REDACTED","6c5a427b151c4c3cd4b88fb3fe38e709","","","$0.00","$0.00","$0.00","$0.00","$0.00","$0.00","REDACTED","2019"
"REDACTED","6a1276cf6dfc81ff82e86b7ca86ddea7","","","$0.00","$0.00","$0.00","$0.00","$0.00","$0.00","REDACTED","2019"
"REDACTED","5cb5cab175a2e977705d96ddf604a345","","","$0.00","$0.00","$0.00","$0.00","$0.00","$0.00","REDACTED","2019"
"REDACTED","09941efce3683ecfb8349106ed4c15c3","1","General Pledge","$0.00","$1,560.00","$510.00","$0.00","$0.00","$1,050.00","REDACTED","2019"
"REDACTED","745a4cd41c2a2a4427c6dda27a78a47a","","","$0.00","$0.00","$0.00","$0.00","$0.00","$0.00","REDACTED","2019"
"REDACTED","4a5cc8bc8450013e8c11cb13070e92a5","","","$0.00","$0.00","$0.00","$0.00","$0.00","$0.00","REDACTED","2019"
"REDACTED","5b25c439d4fb40df986e136af7777507","1","General Pledge","$190.00","$0.00","$0.00","$0.00","$0.00","$0.00","REDACTED","2019"
"REDACTED","963044a5307c3efad3fc437732657798","1","General Pledge","$570.00","$0.00","$0.00","$0.00","$0.00","$0.00","REDACTED","2019"
"REDACTED","798e33518a527f484f01ee4f1bef167d","","","$0.00","$0.00","$0.00","$0.00","$0.00","$0.00","REDACTED","2019"
"REDACTED","549497fe46645ca657b1df3cff841182","1","General Pledge","$20.00","$0.00","$0.00","$0.00","$0.00","$0.00","REDACTED","2019"
"REDACTED","0016fc527b24e10bdf8bbe13576c683c","1","General Pledge","$0.00","$1,200.00","$400.00","$0.00","$0.00","$800.00","REDACTED","2019"
"REDACTED","cbe3cc1f64823abbd9070ecdcd2b6d4d","","","$0.00","$0.00","$0.00","$0.00","$0.00","$0.00","REDACTED","2019"
"REDACTED","e5cd6dcf7abdf1c69989dc7fd3fb3a85","","","$0.00","$0.00","$0.00","$0.00","$0.00","$0.00","REDACTED","2019"
"REDACTED","8583a032cdcef5fadeea0ddab538302e","","","$0.00","$0.00","$0.00","$0.00","$0.00","$0.00","REDACTED","2019"
"REDACTED","2a4fa302a0c5763f629e731b1e2ccce2","","","$0.00","$0.00","$0.00","$0.00","$0.00","$0.00","REDACTED","2019"
"REDACTED","9f8325bd07e7ab64564b1ece2f52090c","1","General Pledge","$1,100.00","$0.00","$0.00","$0.00","$0.00","$0.00","REDACTED","2019"
"REDACTED","5ce6847174db8d36cdd38b46eb484780","","","$0.00","$0.00","$0.00","$0.00","$0.00","$0.00","REDACTED","2019"
"REDACTED","7982fb6808e56e59161e540b5c2f1343","","","$0.00","$0.00","$0.00","$0.00","$0.00","$0.00","REDACTED","2019"
"REDACTED","27e17ad5509aade3dcfcbe211b89f696","","","$0.00","$0.00","$0.00","$0.00","$0.00","$0.00","REDACTED","2019"
"REDACTED","d659e7e1607ae0f90263472a0c164666","1","General Pledge","$0.00","$480.00","$160.00","$0.00","$0.00","$320.00","REDACTED","2019"
"REDACTED","99e2f4b38c6539715965c9b8c08f9135","1","General Pledge","$0.00","$12,000.00","$12,000.00","$0.00","$0.00","$0.00","REDACTED","2019"
"REDACTED","99e2f4b38c6539715965c9b8c08f9135","13","Easter Memorials","$30.00","$0.00","$0.00","$0.00","$0.00","$0.00","REDACTED","2019"
"REDACTED","4f4f164ea0f74ddbc45874cd0fe3f20f","1","General Pledge","$0.00","$10,800.00","$3,500.00","$0.00","$0.00","$7,300.00","REDACTED","2019"
"REDACTED","2f17c2dedf7536daef740c3bcd859480","","","$0.00","$0.00","$0.00","$0.00","$0.00","$0.00","REDACTED","2019"
"REDACTED","4ec42100fb9beb28d6c922a08a376919","","","$0.00","$0.00","$0.00","$0.00","$0.00","$0.00","REDACTED","2019"
"REDACTED","50b27fdfee01690a27e71a887bb4327a","1","General Pledge","$20.00","$0.00","$0.00","$0.00","$0.00","$0.00","REDACTED","2019"
"REDACTED","93ea4c179636ff3a94ba8bfe628a1d87","","","$0.00","$0.00","$0.00","$0.00","$0.00","$0.00","REDACTED","2019"
"REDACTED","6fd8cf2f59dd6356d954816bf0356902","1","General Pledge","$75.00","$0.00","$0.00","$0.00","$0.00","$0.00","REDACTED","2019"
"REDACTED","f8adcebec0554e2853b50dad96c97875","1","General Pledge","$0.00","$6,000.00","$2,000.00","$0.00","$0.00","$4,000.00","REDACTED","2019"
"REDACTED","33fdaca7664e2181fb4b6f5ca44674d8","1","General Pledge","$845.00","$0.00","$0.00","$0.00","$0.00","$0.00","REDACTED","2019"
"REDACTED","aeb7de30d753c64bbdb48d210f76c29e","10","Easter Offering","$40.00","$0.00","$0.00","$0.00","$0.00","$0.00","REDACTED","2019"
"REDACTED","d373ac35f4c22d1fb80bd065ebfd792d","","","$0.00","$0.00","$0.00","$0.00","$0.00","$0.00","REDACTED","2019"
"REDACTED","ba5f89a410aae912b8e28adda25e2027","","","$0.00","$0.00","$0.00","$0.00","$0.00","$0.00","REDACTED","2019"
"REDACTED","5ee3e97fe027ee56516758318b9f6ee5","","","$0.00","$0.00","$0.00","$0.00","$0.00","$0.00","REDACTED","2019"
"REDACTED","0ef163e7652d199340f4cbd6f5dc1320","","","$0.00","$0.00","$0.00","$0.00","$0.00","$0.00","REDACTED","2019"
"REDACTED","c7609d9b10298931c25b71adc1f96ca6","1","General Pledge","$660.00","$0.00","$0.00","$0.00","$0.00","$0.00","REDACTED","2019"
"REDACTED","c7609d9b10298931c25b71adc1f96ca6","82","Good Friday Offering","$100.00","$0.00","$0.00","$0.00","$0.00","$0.00","REDACTED","2019"
"REDACTED","b43fa70b794ee55410713d2adfc0f9d7","","","$0.00","$0.00","$0.00","$0.00","$0.00","$0.00","REDACTED","2019"
"REDACTED","ef9ad63f59c591c1c6e45c9b8b59a4c3","1","General Pledge","$1,000.00","$0.00","$0.00","$0.00","$0.00","$0.00","REDACTED","2019"
"REDACTED","ef9ad63f59c591c1c6e45c9b8b59a4c3","10","Easter Offering","$100.00","$0.00","$0.00","$0.00","$0.00","$0.00","REDACTED","2019"
"REDACTED","ef9ad63f59c591c1c6e45c9b8b59a4c3","82","Good Friday Offering","$50.00","$0.00","$0.00","$0.00","$0.00","$0.00","REDACTED","2019"
"REDACTED","ef9ad63f59c591c1c6e45c9b8b59a4c3","100","Youth Missions","$600.00","$0.00","$0.00","$0.00","$0.00","$0.00","REDACTED","2019"
"REDACTED","b95478eca19ce68b37a2c31ed7fc150d","","","$0.00","$0.00","$0.00","$0.00","$0.00","$0.00","REDACTED","2019"
"REDACTED","3c3aa3d39b9904a20971f304f7919608","","","$0.00","$0.00","$0.00","$0.00","$0.00","$0.00","REDACTED","2019"
"REDACTED","ca3f725da2ec5a083fa0dce1b3afe19d","1","General Pledge","$80.00","$0.00","$0.00","$0.00","$0.00","$0.00","REDACTED","2019"
"REDACTED","da0700bb53fc062d57666d44e646a4c8","1","General Pledge","$0.00","$7,800.00","$2,600.00","$0.00","$0.00","$5,200.00","REDACTED","2019"
"REDACTED","eadebd6a609ca3aa07fd5c916e32dec9","1","General Pledge","$400.00","$0.00","$0.00","$0.00","$0.00","$0.00","REDACTED","2019"
"REDACTED","1c7e6c78ca2fe517d2c969fd7a535e53","","","$0.00","$0.00","$0.00","$0.00","$0.00","$0.00","REDACTED","2019"
"REDACTED","0bfa9babe8a57407da70f745d411a423","","","$0.00","$0.00","$0.00","$0.00","$0.00","$0.00","REDACTED","2019"
"REDACTED","e366d588b2b81e89304338173a0d2b29","1","General Pledge","$50.00","$0.00","$0.00","$0.00","$0.00","$0.00","REDACTED","2019"
"REDACTED","39d7feab937659fba9099400c99ddbd5","1","General Pledge","$425.00","$0.00","$0.00","$0.00","$0.00","$0.00","REDACTED","2019"
"REDACTED","39d7feab937659fba9099400c99ddbd5","10","Easter Offering","$25.00","$0.00","$0.00","$0.00","$0.00","$0.00","REDACTED","2019"
"REDACTED","39d7feab937659fba9099400c99ddbd5","13","Easter Memorials","$100.00","$0.00","$0.00","$0.00","$0.00","$0.00","REDACTED","2019"
"REDACTED","bf9ee801dae29905997ad518b09d61ed","1","General Pledge","$0.00","$2,600.00","$425.00","$0.00","$0.00","$2,175.00","REDACTED","2019"
"REDACTED","1fe3fbd484ba1f6b43349a074f8c5e40","","","$0.00","$0.00","$0.00","$0.00","$0.00","$0.00","REDACTED","2019"
"REDACTED","06a349844dbf1af8a3362edd5c1f5b83","","","$0.00","$0.00","$0.00","$0.00","$0.00","$0.00","REDACTED","2019"
"REDACTED","de364f5b336159c4d0bb6b4ed00f53a4","1","General Pledge","$0.00","$500.00","$0.00","$0.00","$0.00","$500.00","REDACTED","2019"
"REDACTED","b79684e372d0a603a92eb51837bf8216","","","$0.00","$0.00","$0.00","$0.00","$0.00","$0.00","REDACTED","2019"
"REDACTED","6f591d8fa23553e3f37f668eed069416","","","$0.00","$0.00","$0.00","$0.00","$0.00","$0.00","REDACTED","2019"
"REDACTED","0827080e64eecf6f21f885f895d46d72","","","$0.00","$0.00","$0.00","$0.00","$0.00","$0.00","REDACTED","2019"
"REDACTED","719d11c7d1ed37ba3881c95688d48677","1","General Pledge","$660.00","$0.00","$0.00","$0.00","$0.00","$0.00","REDACTED","2019"
"REDACTED","719d11c7d1ed37ba3881c95688d48677","28","Soup Kitchen","$100.00","$0.00","$0.00","$0.00","$0.00","$0.00","REDACTED","2019"
"REDACTED","0b2b07f747b4855081366d65c0999bce","1","General Pledge","$600.00","$0.00","$0.00","$0.00","$0.00","$0.00","REDACTED","2019"
"REDACTED","c61d528850d327de9d64e031e2ea7a83","","","$0.00","$0.00","$0.00","$0.00","$0.00","$0.00","REDACTED","2019"
"REDACTED","2a573b802c712758326547ee629bd8e4","1","General Pledge","$400.00","$0.00","$0.00","$0.00","$0.00","$0.00","REDACTED","2019"
"REDACTED","9535cd1add131f48d0103fd5d9f9c7e0","1","General Pledge","$1,155.00","$0.00","$0.00","$0.00","$0.00","$0.00","REDACTED","2019"
"REDACTED","031fc1352311cad736eab523759b5413","","","$0.00","$0.00","$0.00","$0.00","$0.00","$0.00","REDACTED","2019"
"REDACTED","de15d46518b59ccf0dd50efc70136790","1","General Pledge","$115.00","$0.00","$0.00","$0.00","$0.00","$0.00","REDACTED","2019"
"REDACTED","98356d2a7cd92984ecd2ea5b3c90af4a","1","General Pledge","$300.00","$0.00","$0.00","$0.00","$0.00","$0.00","REDACTED","2019"
"REDACTED","7f3d2965d250f048ecee5f7b7fa54b15","1","General Pledge","$200.00","$0.00","$0.00","$0.00","$0.00","$0.00","REDACTED","2019"
"REDACTED","7f3d2965d250f048ecee5f7b7fa54b15","100","Youth Missions","$20.00","$0.00","$0.00","$0.00","$0.00","$0.00","REDACTED","2019"
"REDACTED","7f3d2965d250f048ecee5f7b7fa54b15","108","Restoration & Repair Fund","$100.00","$0.00","$0.00","$0.00","$0.00","$0.00","REDACTED","2019"
"REDACTED","a023eb96dce7523de6dff1abd643cd25","1","General Pledge","$0.00","$5,200.00","$1,710.00","$0.00","$0.00","$3,490.00","REDACTED","2019"
"REDACTED","a023eb96dce7523de6dff1abd643cd25","5","Memorial Fund","$50.00","$0.00","$0.00","$0.00","$0.00","$0.00","REDACTED","2019"
"REDACTED","a023eb96dce7523de6dff1abd643cd25","10","Easter Offering","$25.00","$0.00","$0.00","$0.00","$0.00","$0.00","REDACTED","2019"
"REDACTED","a023eb96dce7523de6dff1abd643cd25","13","Easter Memorials","$40.00","$0.00","$0.00","$0.00","$0.00","$0.00","REDACTED","2019"
"REDACTED","a023eb96dce7523de6dff1abd643cd25","82","Good Friday Offering","$20.00","$0.00","$0.00","$0.00","$0.00","$0.00","REDACTED","2019"
"REDACTED","fca7b426109d1ef926154c0702b1b4a5","1","General Pledge","$0.00","$1,500.00","$500.00","$0.00","$0.00","$1,000.00","REDACTED","2019"
"REDACTED","fca7b426109d1ef926154c0702b1b4a5","10","Easter Offering","$10.00","$0.00","$0.00","$0.00","$0.00","$0.00","REDACTED","2019"
"REDACTED","37f2d79daa96cfc20d4c966c49c476cd","5","Memorial Fund","$1,350.00","$0.00","$0.00","$0.00","$0.00","$0.00","REDACTED","2019"
"REDACTED","37f2d79daa96cfc20d4c966c49c476cd","17","Rector Disc Fund","$350.00","$0.00","$0.00","$0.00","$0.00","$0.00","REDACTED","2019"
"REDACTED","37f2d79daa96cfc20d4c966c49c476cd","23","Altar supplies","$60.00","$0.00","$0.00","$0.00","$0.00","$0.00","REDACTED","2019"
"REDACTED","37f2d79daa96cfc20d4c966c49c476cd","31","Tract Rack","$12.11","$0.00","$0.00","$0.00","$0.00","$0.00","REDACTED","2019"
"REDACTED","37f2d79daa96cfc20d4c966c49c476cd","50","Parish Life","$180.00","$0.00","$0.00","$0.00","$0.00","$0.00","REDACTED","2019"
"REDACTED","37f2d79daa96cfc20d4c966c49c476cd","66","Loose Plate","$7,499.86","$0.00","$0.00","$0.00","$0.00","$0.00","REDACTED","2019"
"REDACTED","37f2d79daa96cfc20d4c966c49c476cd","80","Daughters of the King","$14.00","$0.00","$0.00","$0.00","$0.00","$0.00","REDACTED","2019"
"REDACTED","37f2d79daa96cfc20d4c966c49c476cd","82","Good Friday Offering","$33.00","$0.00","$0.00","$0.00","$0.00","$0.00","REDACTED","2019"
"REDACTED","37f2d79daa96cfc20d4c966c49c476cd","100","Youth Missions","$8,403.00","$0.00","$0.00","$0.00","$0.00","$0.00","REDACTED","2019"
"REDACTED","37f2d79daa96cfc20d4c966c49c476cd","129","Wednesday Program receipt","$3,800.80","$0.00","$0.00","$0.00","$0.00","$0.00","REDACTED","2019"
"REDACTED","37f2d79daa96cfc20d4c966c49c476cd","134","Rental, gym/kitchen/parlo","$250.00","$0.00","$0.00","$0.00","$0.00","$0.00","REDACTED","2019"
"REDACTED","8a69bbd5084d10fff84404e16aa5b0a1","1","General Pledge","$0.00","$2,400.00","$200.00","$0.00","$0.00","$2,200.00","REDACTED","2019"
"REDACTED","21b9b13a2899ef3a87063c8c179ed60a","1","General Pledge","$0.00","$4,800.00","$1,600.00","$0.00","$0.00","$3,200.00","REDACTED","2019"
"REDACTED","8cca8649108862b1e8686668c71aeda9","","","$0.00","$0.00","$0.00","$0.00","$0.00","$0.00","REDACTED","2019"
"REDACTED","e5288fb8886cc43db1befb2580cb55f3","","","$0.00","$0.00","$0.00","$0.00","$0.00","$0.00","REDACTED","2019"
"REDACTED","0095c2392be0c9c0572b2f8098117b42","1","General Pledge","$0.00","$3,900.00","$1,350.00","$0.00","$0.00","$2,550.00","REDACTED","2019"
"REDACTED","ed3b42b81dc18cfb44e766377a38aff5","1","General Pledge","$0.00","$6,000.00","$2,000.00","$0.00","$0.00","$4,000.00","REDACTED","2019"
"REDACTED","1005a8c9bdfefca988fa1ef0b95df391","1","General Pledge","$0.00","$1,400.00","$700.00","$0.00","$0.00","$700.00","REDACTED","2019"
"REDACTED","1005a8c9bdfefca988fa1ef0b95df391","13","Easter Memorials","$50.00","$0.00","$0.00","$0.00","$0.00","$0.00","REDACTED","2019"
"REDACTED","580551ef16d719f07166eddc2143590f","1","General Pledge","$0.00","$8,400.00","$1,500.00","$0.00","$0.00","$6,900.00","REDACTED","2019"
"REDACTED","580551ef16d719f07166eddc2143590f","10","Easter Offering","$150.00","$0.00","$0.00","$0.00","$0.00","$0.00","REDACTED","2019"
"REDACTED","580551ef16d719f07166eddc2143590f","13","Easter Memorials","$100.00","$0.00","$0.00","$0.00","$0.00","$0.00","REDACTED","2019"
"REDACTED","580551ef16d719f07166eddc2143590f","29","Outreach General","$100.00","$0.00","$0.00","$0.00","$0.00","$0.00","REDACTED","2019"
"REDACTED","1bad9f9a493703774655ddfa44dd02f7","","","$0.00","$0.00","$0.00","$0.00","$0.00","$0.00","REDACTED","2019"
"REDACTED","b0644d1d74b600b5f2d66187e5a2c846","1","General Pledge","$0.00","$1,200.00","$400.00","$0.00","$0.00","$800.00","REDACTED","2019"
"REDACTED","c8e4ce40e3c1a77dad657410c744b540","","","$0.00","$0.00","$0.00","$0.00","$0.00","$0.00","REDACTED","2019"
"REDACTED","0fc68c83e9ec4b90fb596a85532e7524","","","$0.00","$0.00","$0.00","$0.00","$0.00","$0.00","REDACTED","2019"
"REDACTED","9d748f2a68091e1c846fc0ca1b78bf55","","","$0.00","$0.00","$0.00","$0.00","$0.00","$0.00","REDACTED","2019"
"REDACTED","f50bc4f1fe7238dbd0e61327c7ddd989","1","General Pledge","$10,000.00","$0.00","$0.00","$0.00","$0.00","$0.00","REDACTED","2019"
"REDACTED","6b91e6c2d963cc008fca504d74934f16","","","$0.00","$0.00","$0.00","$0.00","$0.00","$0.00","REDACTED","2019"
"REDACTED","851216bb034ff589a6462632a6020941","1","General Pledge","$350.00","$0.00","$0.00","$0.00","$0.00","$0.00","REDACTED","2019"
"REDACTED","851216bb034ff589a6462632a6020941","10","Easter Offering","$100.00","$0.00","$0.00","$0.00","$0.00","$0.00","REDACTED","2019"
"REDACTED","832494d89ce86733025020b6a3475ded","","","$0.00","$0.00","$0.00","$0.00","$0.00","$0.00","REDACTED","2019"
"REDACTED","e928669e18e8ed9552d62e749fab2c26","1","General Pledge","$0.00","$4,800.00","$1,600.00","$0.00","$0.00","$3,200.00","REDACTED","2019"
"REDACTED","5bc183a5c5cb7c25faeca78a5499b204","","","$0.00","$0.00","$0.00","$0.00","$0.00","$0.00","REDACTED","2019"
"REDACTED","6de9e0dba5196ebcb7c7d75bbf691d74","","","$0.00","$0.00","$0.00","$0.00","$0.00","$0.00","REDACTED","2019"
"REDACTED","744388c54adf439ecb51527779496be2","","","$0.00","$0.00","$0.00","$0.00","$0.00","$0.00","REDACTED","2019"
"REDACTED","1615103adab23972a5f3a3e2772c2a61","","","$0.00","$0.00","$0.00","$0.00","$0.00","$0.00","REDACTED","2019"
"REDACTED","d95f7e65b4d0a82467e4e1d49d2c1a26","1","General Pledge","$0.00","$6,000.00","$200.00","$0.00","$0.00","$5,800.00","REDACTED","2019"
"REDACTED","c0671e4566bd548827eb0a0585a1a071","1","General Pledge","$0.00","$2,500.00","$0.00","$0.00","$0.00","$2,500.00","REDACTED","2019"
"REDACTED","c0671e4566bd548827eb0a0585a1a071","108","Restoration & Repair Fund","$0.00","$500.00","$0.00","$0.00","$0.00","$500.00","REDACTED","2019"
"REDACTED","1b7ddee7a2c20d93d014611e962e99c2","1","General Pledge","$145.00","$0.00","$0.00","$0.00","$0.00","$0.00","REDACTED","2019"
"REDACTED","08163ed46cdaca1685576fdad672dd52","","","$0.00","$0.00","$0.00","$0.00","$0.00","$0.00","REDACTED","2019"
"REDACTED","05b51b62f78d8b69adc86cf39a13f000","","","$0.00","$0.00","$0.00","$0.00","$0.00","$0.00","REDACTED","2019"
"REDACTED","9c78deaa29d60fdcaaa9b34d132e082b","","","$0.00","$0.00","$0.00","$0.00","$0.00","$0.00","REDACTED","2019"
"REDACTED","89106d93e69eb5e8e90d409ab27423c8","1","General Pledge","$125.00","$0.00","$0.00","$0.00","$0.00","$0.00","REDACTED","2019"
"REDACTED","89106d93e69eb5e8e90d409ab27423c8","10","Easter Offering","$100.00","$0.00","$0.00","$0.00","$0.00","$0.00","REDACTED","2019"
"REDACTED","7ecfdf3f639b8d10307f68a8a912c64d","1","General Pledge","$0.00","$2,340.00","$350.00","$0.00","$0.00","$1,990.00","REDACTED","2019"
"REDACTED","7ecfdf3f639b8d10307f68a8a912c64d","10","Easter Offering","$20.00","$0.00","$0.00","$0.00","$0.00","$0.00","REDACTED","2019"
"REDACTED","5ab70b7be508dbbced9d5abcca15724a","","","$0.00","$0.00","$0.00","$0.00","$0.00","$0.00","REDACTED","2019"
"REDACTED","affd6cfa879652299dd6d9818fe2fba0","1","General Pledge","$400.00","$0.00","$0.00","$0.00","$0.00","$0.00","REDACTED","2019"
"REDACTED","4fb34f571a00eab4fe5bb078a97fe750","1","General Pledge","$0.00","$6,000.00","$5,000.00","$0.00","$0.00","$1,000.00","REDACTED","2019"
"REDACTED","5d69d0d239eaa98e71a5ef923b2a11d0","1","General Pledge","$0.00","$1,300.00","$450.00","$0.00","$0.00","$850.00","REDACTED","2019"
"REDACTED","d6644defa49e77c044e0a4652339485f","1","General Pledge","$480.00","$0.00","$0.00","$0.00","$0.00","$0.00","REDACTED","2019"
"REDACTED","0f21189ce2a2fdea6a9deb79b39d0732","1","General Pledge","$0.00","$3,600.00","$1,200.00","$0.00","$0.00","$2,400.00","REDACTED","2019"
"REDACTED","0f21189ce2a2fdea6a9deb79b39d0732","13","Easter Memorials","$100.00","$0.00","$0.00","$0.00","$0.00","$0.00","REDACTED","2019"
"REDACTED","0f21189ce2a2fdea6a9deb79b39d0732","17","Rector Disc Fund","$100.00","$0.00","$0.00","$0.00","$0.00","$0.00","REDACTED","2019"
"REDACTED","f5722a8a2f71f4d728768d02e160ff65","1","General Pledge","$0.00","$8,400.00","$1,402.02","$0.00","$0.00","$6,997.98","REDACTED","2019"
"REDACTED","f5722a8a2f71f4d728768d02e160ff65","13","Easter Memorials","$25.00","$0.00","$0.00","$0.00","$0.00","$0.00","REDACTED","2019"
"REDACTED","f5722a8a2f71f4d728768d02e160ff65","17","Rector Disc Fund","$1,000.00","$0.00","$0.00","$0.00","$0.00","$0.00","REDACTED","2019"
"REDACTED","f5722a8a2f71f4d728768d02e160ff65","48","Music","$75.00","$0.00","$0.00","$0.00","$0.00","$0.00","REDACTED","2019"
"REDACTED","c4f5e65c75ec75b5bce21ee63d81f002","1","General Pledge","$0.00","$1,200.00","$400.00","$0.00","$0.00","$800.00","REDACTED","2019"
"REDACTED","029fb249a2cc93235a9b8e276c0dd918","","","$0.00","$0.00","$0.00","$0.00","$0.00","$0.00","REDACTED","2019"
"REDACTED","3595955e965f6689cbebe5f5f81936fe","","","$0.00","$0.00","$0.00","$0.00","$0.00","$0.00","REDACTED","2019"
"REDACTED","f89e609b4bba8ef7e77900879f776cdf","","","$0.00","$0.00","$0.00","$0.00","$0.00","$0.00","REDACTED","2019"
"REDACTED","a702b7eee18eb177d58cd936b2b48671","1","General Pledge","$228.00","$0.00","$0.00","$0.00","$0.00","$0.00","REDACTED","2019"
"REDACTED","a702b7eee18eb177d58cd936b2b48671","10","Easter Offering","$26.00","$0.00","$0.00","$0.00","$0.00","$0.00","REDACTED","2019"
"REDACTED","a702b7eee18eb177d58cd936b2b48671","83","Bookstore","$15.00","$0.00","$0.00","$0.00","$0.00","$0.00","REDACTED","2019"
"REDACTED","628a06fe514b7ad7961eea41aedc0da8","1","General Pledge","$20.00","$0.00","$0.00","$0.00","$0.00","$0.00","REDACTED","2019"
"REDACTED","daf7056cb25ed5cb7d1c285b425c59a8","1","General Pledge","$300.00","$0.00","$0.00","$0.00","$0.00","$0.00","REDACTED","2019"
"REDACTED","2c20b3ed332a50e777079392504fae0d","1","General Pledge","$100.00","$0.00","$0.00","$0.00","$0.00","$0.00","REDACTED","2019"
"REDACTED","0e2aa50f322900403b204950c9a1c7f4","","","$0.00","$0.00","$0.00","$0.00","$0.00","$0.00","REDACTED","2019"
"REDACTED","4f56102f15452b8feb18733e32dae6e4","","","$0.00","$0.00","$0.00","$0.00","$0.00","$0.00","REDACTED","2019"
"REDACTED","c64b063e3e7cdbca5cfe8e0191897194","1","General Pledge","$0.00","$4,000.00","$2,000.00","$0.00","$0.00","$2,000.00","REDACTED","2019"
"REDACTED","6990e8dbeb7292b0a03c836a64132f85","","","$0.00","$0.00","$0.00","$0.00","$0.00","$0.00","REDACTED","2019"
"REDACTED","36140826a5f0c7795c96a3b7cc73727e","","","$0.00","$0.00","$0.00","$0.00","$0.00","$0.00","REDACTED","2019"
"REDACTED","cd4517119d571777122f802b29e3079e","1","General Pledge","$520.00","$0.00","$0.00","$0.00","$0.00","$0.00","REDACTED","2019"
"REDACTED","cd4517119d571777122f802b29e3079e","13","Easter Memorials","$50.00","$0.00","$0.00","$0.00","$0.00","$0.00","REDACTED","2019"
"REDACTED","573bd7bab8647f7131260ca2a9c1d64d","1","General Pledge","$270.00","$0.00","$0.00","$0.00","$0.00","$0.00","REDACTED","2019"
"REDACTED","537891d7fd5fd042a70fe73388bc4f47","","","$0.00","$0.00","$0.00","$0.00","$0.00","$0.00","REDACTED","2019"
"REDACTED","1f4ee4378e4d98258a92eadeae482916","","","$0.00","$0.00","$0.00","$0.00","$0.00","$0.00","REDACTED","2019"
"REDACTED","ba82736a0c518ae0e7614a5b5a53aaa3","","","$0.00","$0.00","$0.00","$0.00","$0.00","$0.00","REDACTED","2019"
"REDACTED","9bf8be1331c0ece377f03679b70446fe","","","$0.00","$0.00","$0.00","$0.00","$0.00","$0.00","REDACTED","2019"
"REDACTED","41b3757a3426c6f315d5826d7064c3d9","1","General Pledge","$0.00","$1,820.00","$840.00","$0.00","$0.00","$980.00","REDACTED","2019"
"REDACTED","a74722e975925cd581c6e712d1c31bcf","1","General Pledge","$300.00","$0.00","$0.00","$0.00","$0.00","$0.00","REDACTED","2019"
"REDACTED","544907cb32d07f6758ec4074bdf2b23a","","","$0.00","$0.00","$0.00","$0.00","$0.00","$0.00","REDACTED","2019"
"REDACTED","c9a8735fbc87a8e526529b07757f002c","1","General Pledge","$0.00","$2,500.00","$1,000.00","$0.00","$0.00","$1,500.00","REDACTED","2019"
"REDACTED","c9a8735fbc87a8e526529b07757f002c","10","Easter Offering","$100.00","$0.00","$0.00","$0.00","$0.00","$0.00","REDACTED","2019"
"REDACTED","46e797cbd9e13636fc75580a5c1cb38b","","","$0.00","$0.00","$0.00","$0.00","$0.00","$0.00","REDACTED","2019"
"REDACTED","849f368b906f9d2ef6cf169c4b7b8257","","","$0.00","$0.00","$0.00","$0.00","$0.00","$0.00","REDACTED","2019"
"REDACTED","cfe6fabb31eeeed3d6e2b88fbeeedf81","","","$0.00","$0.00","$0.00","$0.00","$0.00","$0.00","REDACTED","2019"
"REDACTED","dea88ca0b83373039353b580ee746109","","","$0.00","$0.00","$0.00","$0.00","$0.00","$0.00","REDACTED","2019"
"REDACTED","a6d81fe00ed49de24f3ccb5214cd86b6","","","$0.00","$0.00","$0.00","$0.00","$0.00","$0.00","REDACTED","2019"
"REDACTED","70425ab4d5ceb362852883e80e7eb989","1","General Pledge","$0.00","$1,200.00","$455.00","$0.00","$0.00","$745.00","REDACTED","2019"
"REDACTED","70425ab4d5ceb362852883e80e7eb989","10","Easter Offering","$40.00","$0.00","$0.00","$0.00","$0.00","$0.00","REDACTED","2019"
"REDACTED","b42b3caab8e5ab7771f65ec8830c9043","1","General Pledge","$20.00","$0.00","$0.00","$0.00","$0.00","$0.00","REDACTED","2019"
"REDACTED","94d84f2697d1b9b83fbf2b922c30452f","","","$0.00","$0.00","$0.00","$0.00","$0.00","$0.00","REDACTED","2019"
"REDACTED","12f268962466800601e66b2220f93326","1","General Pledge","$0.00","$540.00","$180.00","$0.00","$0.00","$360.00","REDACTED","2019"
"REDACTED","ab6e0cf52c6309150b79392a37063abc","","","$0.00","$0.00","$0.00","$0.00","$0.00","$0.00","REDACTED","2019"
"REDACTED","595d39cfe607a6d964087865f2a53e4c","","","$0.00","$0.00","$0.00","$0.00","$0.00","$0.00","REDACTED","2019"
"REDACTED","29c4ffbbcd7ed7faad9afc4ba124a34f","","","$0.00","$0.00","$0.00","$0.00","$0.00","$0.00","REDACTED","2019"
"REDACTED","a2527df84f7d284879039ad4e2267f56","1","General Pledge","$400.00","$0.00","$0.00","$0.00","$0.00","$0.00","REDACTED","2019"
"REDACTED","851fee44d6082de1c31e4e5712eae9eb","","","$0.00","$0.00","$0.00","$0.00","$0.00","$0.00","REDACTED","2019"
"REDACTED","91d2b489e3bce4dd17b13d0130e76805","1","General Pledge","$525.00","$0.00","$0.00","$0.00","$0.00","$0.00","REDACTED","2019"
"REDACTED","91d2b489e3bce4dd17b13d0130e76805","13","Easter Memorials","$50.00","$0.00","$0.00","$0.00","$0.00","$0.00","REDACTED","2019"
"REDACTED","9588f796f2354dfca1268473a268dcac","1","General Pledge","$0.00","$4,160.00","$1,280.00","$0.00","$0.00","$2,880.00","REDACTED","2019"
"REDACTED","9588f796f2354dfca1268473a268dcac","10","Easter Offering","$100.00","$0.00","$0.00","$0.00","$0.00","$0.00","REDACTED","2019"
"REDACTED","3eec7ca15db8689116ec5e5c0cb8c8b4","","","$0.00","$0.00","$0.00","$0.00","$0.00","$0.00","REDACTED","2019"
"REDACTED","5479941780d92043680e4b301d84a4e9","1","General Pledge","$1,040.00","$0.00","$0.00","$0.00","$0.00","$0.00","REDACTED","2019"
"REDACTED","5479941780d92043680e4b301d84a4e9","13","Easter Memorials","$50.00","$0.00","$0.00","$0.00","$0.00","$0.00","REDACTED","2019"
"REDACTED","5479941780d92043680e4b301d84a4e9","17","Rector Disc Fund","$25.00","$0.00","$0.00","$0.00","$0.00","$0.00","REDACTED","2019"
"REDACTED","b10a91ad9819853c9d595400716244e3","1","General Pledge","$80.00","$0.00","$0.00","$0.00","$0.00","$0.00","REDACTED","2019"
"REDACTED","b10a91ad9819853c9d595400716244e3","129","Wednesday Program receipt","$15.00","$0.00","$0.00","$0.00","$0.00","$0.00","REDACTED","2019"
"REDACTED","e19246d5e7b3131e77dad37e28b9f0c5","","","$0.00","$0.00","$0.00","$0.00","$0.00","$0.00","REDACTED","2019"
"REDACTED","787d4817070db3543a842c9414f5ce61","","","$0.00","$0.00","$0.00","$0.00","$0.00","$0.00","REDACTED","2019"
"REDACTED","431cf7680af7d68986a97ad090749508","","","$0.00","$0.00","$0.00","$0.00","$0.00","$0.00","REDACTED","2019"
"REDACTED","0cce290ca7a579d9e65d18b1542f83a6","","","$0.00","$0.00","$0.00","$0.00","$0.00","$0.00","REDACTED","2019"
"REDACTED","a7e91a7c1d2acfa64c6459788b33332a","1","General Pledge","$5,420.00","$0.00","$0.00","$0.00","$0.00","$0.00","REDACTED","2019"
"REDACTED","a7e91a7c1d2acfa64c6459788b33332a","13","Easter Memorials","$100.00","$0.00","$0.00","$0.00","$0.00","$0.00","REDACTED","2019"
"REDACTED","a7e91a7c1d2acfa64c6459788b33332a","82","Good Friday Offering","$25.00","$0.00","$0.00","$0.00","$0.00","$0.00","REDACTED","2019"
"REDACTED","c26c084ef12f0cb9ff384b467434d682","1","General Pledge","$150.00","$0.00","$0.00","$0.00","$0.00","$0.00","REDACTED","2019"
"REDACTED","23ff8ae189224443784b409e58352e76","1","General Pledge","$0.00","$2,964.00","$969.00","$0.00","$0.00","$1,995.00","REDACTED","2019"
"REDACTED","23ff8ae189224443784b409e58352e76","5","Memorial Fund","$50.00","$0.00","$0.00","$0.00","$0.00","$0.00","REDACTED","2019"
"REDACTED","bc89fe056cdef90d227f733348cfd8b5","1","General Pledge","$900.00","$0.00","$0.00","$0.00","$0.00","$0.00","REDACTED","2019"
"REDACTED","5bfe6845dbeb9dcf76b71aa4f5f33510","1","General Pledge","$300.00","$0.00","$0.00","$0.00","$0.00","$0.00","REDACTED","2019"
"REDACTED","a392e10c351b3df4f44ec9b67719df44","","","$0.00","$0.00","$0.00","$0.00","$0.00","$0.00","REDACTED","2019"
"REDACTED","0840dc7f4250fb7ffba74a8ff20ea146","","","$0.00","$0.00","$0.00","$0.00","$0.00","$0.00","REDACTED","2019"
"REDACTED","0f6d930e17dc89efc040c369e2981862","","","$0.00","$0.00","$0.00","$0.00","$0.00","$0.00","REDACTED","2019"
"REDACTED","4a1ee527763d9e9f6a3fc0054c109619","","","$0.00","$0.00","$0.00","$0.00","$0.00","$0.00","REDACTED","2019"
"REDACTED","a824b27e670b4be00ed0a91c718911c3","","","$0.00","$0.00","$0.00","$0.00","$0.00","$0.00","REDACTED","2019"
"REDACTED","7bdb7b78c4f006ccc5b2d6e9f3785f82","","","$0.00","$0.00","$0.00","$0.00","$0.00","$0.00","REDACTED","2019"
"REDACTED","77bcd12b1be653fb243851ef603b664c","1","General Pledge","$0.00","$1,500.00","$550.00","$0.00","$0.00","$950.00","REDACTED","2019"
"REDACTED","77bcd12b1be653fb243851ef603b664c","10","Easter Offering","$50.00","$0.00","$0.00","$0.00","$0.00","$0.00","REDACTED","2019"
"REDACTED","12cfdd0f429fddfdc79e8d76fbf98275","1","General Pledge","$250.00","$0.00","$0.00","$0.00","$0.00","$0.00","REDACTED","2019"
"REDACTED","12cfdd0f429fddfdc79e8d76fbf98275","10","Easter Offering","$10.00","$0.00","$0.00","$0.00","$0.00","$0.00","REDACTED","2019"
"REDACTED","12cfdd0f429fddfdc79e8d76fbf98275","13","Easter Memorials","$25.00","$0.00","$0.00","$0.00","$0.00","$0.00","REDACTED","2019"
"REDACTED","12cfdd0f429fddfdc79e8d76fbf98275","23","Altar supplies","$60.00","$0.00","$0.00","$0.00","$0.00","$0.00","REDACTED","2019"
"REDACTED","12cfdd0f429fddfdc79e8d76fbf98275","77","Pass Through","$50.00","$0.00","$0.00","$0.00","$0.00","$0.00","REDACTED","2019"
"REDACTED","112d9cb31a991caa3f0b19b0596ad681","","","$0.00","$0.00","$0.00","$0.00","$0.00","$0.00","REDACTED","2019"
"REDACTED","b8fb0abb9eeaa7b745835fa063455d5d","","","$0.00","$0.00","$0.00","$0.00","$0.00","$0.00","REDACTED","2019"
"REDACTED","d4e369fd205bf158cd0fcff0b6e1b0e3","1","General Pledge","$0.00","$420.00","$0.00","$0.00","$0.00","$420.00","REDACTED","2019"
"REDACTED","e67a98364a92bd7a7be23c0d2ed0641b","","","$0.00","$0.00","$0.00","$0.00","$0.00","$0.00","REDACTED","2019"
"REDACTED","2943b743b55a774b9dec6e566908e81f","","","$0.00","$0.00","$0.00","$0.00","$0.00","$0.00","REDACTED","2019"
"REDACTED","4bcbd53b3ae5dc8158b4dbf330eea64a","1","General Pledge","$900.00","$0.00","$0.00","$0.00","$0.00","$0.00","REDACTED","2019"
"REDACTED","a3756a24bc2028f90e069dabf7177513","1","General Pledge","$0.00","$1,200.00","$400.00","$0.00","$0.00","$800.00","REDACTED","2019"
"REDACTED","cee7da3849dc11851339d5a29ba5b2ae","","","$0.00","$0.00","$0.00","$0.00","$0.00","$0.00","REDACTED","2019"
"REDACTED","d6e1555e3f3f458cc93e5e1c664f2f32","1","General Pledge","$350.00","$0.00","$0.00","$0.00","$0.00","$0.00","REDACTED","2019"
"REDACTED","193d4204e49e4b0e2ea1f54dd639a40e","","","$0.00","$0.00","$0.00","$0.00","$0.00","$0.00","REDACTED","2019"
"REDACTED","08f6eeb820c8bc275a06ecbb7d48dd05","1","General Pledge","$585.00","$0.00","$0.00","$0.00","$0.00","$0.00","REDACTED","2019"
"REDACTED","550d3beb45fc2535259f4a12e368fffb","","","$0.00","$0.00","$0.00","$0.00","$0.00","$0.00","REDACTED","2019"
"REDACTED","f88ce37292ef426414aef1a8f76a2e86","1","General Pledge","$135.00","$0.00","$0.00","$0.00","$0.00","$0.00","REDACTED","2019"
"REDACTED","12f5a1399aeb84198ebf4821da3990d9","","","$0.00","$0.00","$0.00","$0.00","$0.00","$0.00","REDACTED","2019"
"REDACTED","91f7a50c936990499b7320fa86bb1258","","","$0.00","$0.00","$0.00","$0.00","$0.00","$0.00","REDACTED","2019"
"REDACTED","35c0533d66b67400ca983df147c95ebf","1","General Pledge","$750.00","$0.00","$0.00","$0.00","$0.00","$0.00","REDACTED","2019"
"REDACTED","35c0533d66b67400ca983df147c95ebf","77","Pass Through","$75.00","$0.00","$0.00","$0.00","$0.00","$0.00","REDACTED","2019"
"REDACTED","b109520786456b3461c4744c1d2c4125","","","$0.00","$0.00","$0.00","$0.00","$0.00","$0.00","REDACTED","2019"
"REDACTED","474470c9bf535fc779256955898b617c","","","$0.00","$0.00","$0.00","$0.00","$0.00","$0.00","REDACTED","2019"
"REDACTED","957d8591074fbb754c59b5a43b9342b1","1","General Pledge","$120.00","$0.00","$0.00","$0.00","$0.00","$0.00","REDACTED","2019"
"REDACTED","957d8591074fbb754c59b5a43b9342b1","13","Easter Memorials","$50.00","$0.00","$0.00","$0.00","$0.00","$0.00","REDACTED","2019"
"REDACTED","ed893bc5a1a0d7c2a3010f049c87db44","","","$0.00","$0.00","$0.00","$0.00","$0.00","$0.00","REDACTED","2019"
"REDACTED","cbdf8a096b42f3885af11e04aaa1462d","1","General Pledge","$5,005.00","$0.00","$0.00","$0.00","$0.00","$0.00","REDACTED","2019"
"REDACTED","cbdf8a096b42f3885af11e04aaa1462d","10","Easter Offering","$5.00","$0.00","$0.00","$0.00","$0.00","$0.00","REDACTED","2019"
"REDACTED","cbdf8a096b42f3885af11e04aaa1462d","29","Outreach General","$40.00","$0.00","$0.00","$0.00","$0.00","$0.00","REDACTED","2019"
"REDACTED","cbdf8a096b42f3885af11e04aaa1462d","108","Restoration & Repair Fund","$3,525.00","$0.00","$0.00","$0.00","$0.00","$0.00","REDACTED","2019"
"REDACTED","63a5e6877d32b7bb5ae7c486e4644e01","","","$0.00","$0.00","$0.00","$0.00","$0.00","$0.00","REDACTED","2019"
"REDACTED","983958d9112d51d1d285bca604f0525d","","","$0.00","$0.00","$0.00","$0.00","$0.00","$0.00","REDACTED","2019"
"REDACTED","72ca0f4c74aabae4d078fa18630a7ba1","1","General Pledge","$50.00","$0.00","$0.00","$0.00","$0.00","$0.00","REDACTED","2019"
"REDACTED","72ca0f4c74aabae4d078fa18630a7ba1","10","Easter Offering","$50.00","$0.00","$0.00","$0.00","$0.00","$0.00","REDACTED","2019"
"REDACTED","e58b1ee8afd8eb646753bef624be5f6f","","","$0.00","$0.00","$0.00","$0.00","$0.00","$0.00","REDACTED","2019"
"REDACTED","10d90e023188939c78094492790ea0de","1","General Pledge","$0.00","$3,000.00","$1,100.00","$0.00","$0.00","$1,900.00","REDACTED","2019"
"REDACTED","61dde0d8f7c32f266d23093025eee1aa","","","$0.00","$0.00","$0.00","$0.00","$0.00","$0.00","REDACTED","2019"
"REDACTED","af81db20a717c92b39409b32f8b1f6c4","1","General Pledge","$0.00","$3,900.00","$1,300.00","$0.00","$0.00","$2,600.00","REDACTED","2019"
"REDACTED","af81db20a717c92b39409b32f8b1f6c4","10","Easter Offering","$50.00","$0.00","$0.00","$0.00","$0.00","$0.00","REDACTED","2019"
"REDACTED","fb501b67af67f375e474718552c079b6","","","$0.00","$0.00","$0.00","$0.00","$0.00","$0.00","REDACTED","2019"
"REDACTED","8b25eeb526d64817c81c1c646ccec0aa","","","$0.00","$0.00","$0.00","$0.00","$0.00","$0.00","REDACTED","2019"
"REDACTED","9d0721d6445e2f5ebc709e6052e4a3d2","1","General Pledge","$0.00","$6,300.00","$0.00","$0.00","$0.00","$6,300.00","REDACTED","2019"
"REDACTED","9d0721d6445e2f5ebc709e6052e4a3d2","13","Easter Memorials","$70.00","$0.00","$0.00","$0.00","$0.00","$0.00","REDACTED","2019"
"REDACTED","9d0721d6445e2f5ebc709e6052e4a3d2","108","Restoration & Repair Fund","$0.00","$700.00","$0.00","$0.00","$0.00","$700.00","REDACTED","2019"
"REDACTED","d14329c5bf3c8cb9c34069df96d3be40","1","General Pledge","$0.00","$3,300.00","$240.00","$0.00","$2,500.00","$560.00","REDACTED","2019"
"REDACTED","b420bba38bacc23116ac47f61462757a","","","$0.00","$0.00","$0.00","$0.00","$0.00","$0.00","REDACTED","2019"
"REDACTED","f1025d93c37e74f295efe3137a87463e","","","$0.00","$0.00","$0.00","$0.00","$0.00","$0.00","REDACTED","2019"
"REDACTED","99d9341b039d4ce320ef157d1c1cc421","","","$0.00","$0.00","$0.00","$0.00","$0.00","$0.00","REDACTED","2019"
"REDACTED","f092fe13e1d2774847bc4160d66ca229","1","General Pledge","$2,550.00","$0.00","$0.00","$0.00","$0.00","$0.00","REDACTED","2019"
"REDACTED","f092fe13e1d2774847bc4160d66ca229","13","Easter Memorials","$100.00","$0.00","$0.00","$0.00","$0.00","$0.00","REDACTED","2019"
"REDACTED","6807fed28ac8b691f25cf2fec27aca59","","","$0.00","$0.00","$0.00","$0.00","$0.00","$0.00","REDACTED","2019"
"REDACTED","302ac4838343f7d7085541b01c795aab","","","$0.00","$0.00","$0.00","$0.00","$0.00","$0.00","REDACTED","2019"
"REDACTED","5c6dc8ea81abe58d4f2faa93ce9f5212","","","$0.00","$0.00","$0.00","$0.00","$0.00","$0.00","REDACTED","2019"
"REDACTED","a5eec8f7d333f6ffe13c169f6164acec","1","General Pledge","$0.00","$1,800.00","$600.00","$0.00","$0.00","$1,200.00","REDACTED","2019"
"REDACTED","9013114b6f1ef03189bd66548bc3bf4b","1","General Pledge","$0.00","$1,500.00","$375.00","$0.00","$0.00","$1,125.00","REDACTED","2019"
"REDACTED","bb45fef265d69c57eb22c37c7aee12a3","1","General Pledge","$25.00","$0.00","$0.00","$0.00","$0.00","$0.00","REDACTED","2019"
"REDACTED","bb45fef265d69c57eb22c37c7aee12a3","13","Easter Memorials","$100.00","$0.00","$0.00","$0.00","$0.00","$0.00","REDACTED","2019"
"REDACTED","d4022e6a5316601e143cd39bda71ff0d","","","$0.00","$0.00","$0.00","$0.00","$0.00","$0.00","REDACTED","2019"
"REDACTED","1080aa56e022263c939855140783516f","","","$0.00","$0.00","$0.00","$0.00","$0.00","$0.00","REDACTED","2019"
"REDACTED","8858866524b21a6709c906a38a16cf0a","","","$0.00","$0.00","$0.00","$0.00","$0.00","$0.00","REDACTED","2019"
"REDACTED","dcd0f9e2ee3115c925b1fbbf0c915bda","1","General Pledge","$0.00","$1,800.00","$600.00","$0.00","$0.00","$1,200.00","REDACTED","2019"
"REDACTED","11c69cc8ac2f34d1db3558309f54ad93","1","General Pledge","$0.00","$520.00","$180.00","$0.00","$0.00","$340.00","REDACTED","2019"
"REDACTED","1b33c898b7faad30a4e87b371b2424b0","1","General Pledge","$0.00","$3,000.00","$1,000.00","$0.00","$0.00","$2,000.00","REDACTED","2019"
"REDACTED","7cd568f668d731e0f5813643608eb822","","","$0.00","$0.00","$0.00","$0.00","$0.00","$0.00","REDACTED","2019"
"REDACTED","07abe26cad02597d6d32052a4172cd9d","1","General Pledge","$180.00","$0.00","$0.00","$0.00","$0.00","$0.00","REDACTED","2019"
"REDACTED","aaaade8997c2aca1e8ccce294bf96a7a","1","General Pledge","$40.00","$0.00","$0.00","$0.00","$0.00","$0.00","REDACTED","2019"
"REDACTED","ca47b90221a18d96515718144b07d11e","","","$0.00","$0.00","$0.00","$0.00","$0.00","$0.00","REDACTED","2019"
"REDACTED","1e3ac7e1fdb585c942e40e872e441d86","1","General Pledge","$0.00","$6,000.00","$1,953.00","$0.00","$0.00","$4,047.00","REDACTED","2019"
"REDACTED","3d738dc5be5c3fb67a940b0317663f10","","","$0.00","$0.00","$0.00","$0.00","$0.00","$0.00","REDACTED","2019"
"REDACTED","ee082443bec070c41c8d9a394269fc92","","","$0.00","$0.00","$0.00","$0.00","$0.00","$0.00","REDACTED","2019"
"REDACTED","b3d9e836ca13c77a961e3f14f6d8785a","1","General Pledge","$0.00","$1,560.00","$520.00","$0.00","$0.00","$1,040.00","REDACTED","2019"
"REDACTED","b3d9e836ca13c77a961e3f14f6d8785a","10","Easter Offering","$50.00","$0.00","$0.00","$0.00","$0.00","$0.00","REDACTED","2019"
"REDACTED","8b19d6da94178f5192fc89c5ae6a8558","1","General Pledge","$200.00","$0.00","$0.00","$0.00","$0.00","$0.00","REDACTED","2019"
"REDACTED","8b19d6da94178f5192fc89c5ae6a8558","13","Easter Memorials","$200.00","$0.00","$0.00","$0.00","$0.00","$0.00","REDACTED","2019"
"REDACTED","c3741a2f3f4fed39f0864d88ad6fed6e","1","General Pledge","$1,275.00","$0.00","$0.00","$0.00","$0.00","$0.00","REDACTED","2019"
"REDACTED","aa33d35c6224861bc62f0d3f60e7aa32","1","General Pledge","$0.00","$3,500.00","$3,500.00","$0.00","$0.00","$0.00","REDACTED","2019"
"REDACTED","aa33d35c6224861bc62f0d3f60e7aa32","108","Restoration & Repair Fund","$400.00","$0.00","$0.00","$0.00","$0.00","$0.00","REDACTED","2019"
"REDACTED","81621dc40d25f7cf197bf81bb8725bda","","","$0.00","$0.00","$0.00","$0.00","$0.00","$0.00","REDACTED","2019"
"REDACTED","d71cb1be6783f648aff6ca503621a233","1","General Pledge","$200.00","$0.00","$0.00","$0.00","$0.00","$0.00","REDACTED","2019"
"REDACTED","d71cb1be6783f648aff6ca503621a233","10","Easter Offering","$25.00","$0.00","$0.00","$0.00","$0.00","$0.00","REDACTED","2019"
"REDACTED","db0182c7eea9b1b2f4b6a8377b0985be","","","$0.00","$0.00","$0.00","$0.00","$0.00","$0.00","REDACTED","2019"
"REDACTED","faea1407086c7a7d93599089e3f80459","1","General Pledge","$0.00","$1,500.00","$500.00","$0.00","$0.00","$1,000.00","REDACTED","2019"
"REDACTED","faea1407086c7a7d93599089e3f80459","5","Memorial Fund","$50.00","$0.00","$0.00","$0.00","$0.00","$0.00","REDACTED","2019"
"REDACTED","9dbd3b889443e9a1c82755684be0ea85","","","$0.00","$0.00","$0.00","$0.00","$0.00","$0.00","REDACTED","2019"
"REDACTED","503b41b48437b5aa111e3de10b88d430","1","General Pledge","$0.00","$3,900.00","$1,125.00","$0.00","$0.00","$2,775.00","REDACTED","2019"
"REDACTED","2974f8b5e74590558d4d83aadeb1610b","1","General Pledge","$0.00","$9,000.00","$2,250.00","$0.00","$0.00","$6,750.00","REDACTED","2019"
"REDACTED","113c7805671640fd6022806fb0d5c80f","","","$0.00","$0.00","$0.00","$0.00","$0.00","$0.00","REDACTED","2019"
"REDACTED","71896371482cee0796d656331ae9e7ea","","","$0.00","$0.00","$0.00","$0.00","$0.00","$0.00","REDACTED","2019"
"REDACTED","f6f3086cad2c32bec4b111c53b58de53","1","General Pledge","$0.00","$2,080.00","$640.00","$0.00","$0.00","$1,440.00","REDACTED","2019"
"REDACTED","f6f3086cad2c32bec4b111c53b58de53","10","Easter Offering","$40.00","$0.00","$0.00","$0.00","$0.00","$0.00","REDACTED","2019"
"REDACTED","996bfc85c8a60d9fc1979cef8602d717","","","$0.00","$0.00","$0.00","$0.00","$0.00","$0.00","REDACTED","2019"
"REDACTED","194af22e52535d227cb5ae4d7c6b6dc3","","","$0.00","$0.00","$0.00","$0.00","$0.00","$0.00","REDACTED","2019"
"REDACTED","506bad74b236b02f6098c48541d1d95f","","","$0.00","$0.00","$0.00","$0.00","$0.00","$0.00","REDACTED","2019"
"REDACTED","9a4288c539ee1f4399be700d85cb8c84","1","General Pledge","$0.00","$2,400.00","$800.00","$0.00","$0.00","$1,600.00","REDACTED","2019"
"REDACTED","3756ed908debf5f1555e1a6ae0becaa7","1","General Pledge","$3,800.00","$0.00","$0.00","$0.00","$0.00","$0.00","REDACTED","2019"
"REDACTED","33045d8cbb0ea1f39d67095175b9901f","","","$0.00","$0.00","$0.00","$0.00","$0.00","$0.00","REDACTED","2019"
"REDACTED","01d2b08dffa9e34593aeb7bea41f2241","1","General Pledge","$0.00","$1,500.00","$581.00","$0.00","$0.00","$919.00","REDACTED","2019"
"REDACTED","01d2b08dffa9e34593aeb7bea41f2241","5","Memorial Fund","$50.00","$0.00","$0.00","$0.00","$0.00","$0.00","REDACTED","2019"
"REDACTED","01d2b08dffa9e34593aeb7bea41f2241","77","Pass Through","$2,000.00","$0.00","$0.00","$0.00","$0.00","$0.00","REDACTED","2019"
"REDACTED","01d2b08dffa9e34593aeb7bea41f2241","80","Daughters of the King","$10.00","$0.00","$0.00","$0.00","$0.00","$0.00","REDACTED","2019"
"REDACTED","01d2b08dffa9e34593aeb7bea41f2241","108","Restoration & Repair Fund","$0.00","$600.00","$150.00","$0.00","$0.00","$450.00","REDACTED","2019"
"REDACTED","5d65e77d6fb63ae1d4d930ccfdbe3176","","","$0.00","$0.00","$0.00","$0.00","$0.00","$0.00","REDACTED","2019"
"REDACTED","23b83bbd77a13a9016b83d8d71123621","10","Easter Offering","$50.00","$0.00","$0.00","$0.00","$0.00","$0.00","REDACTED","2019"
"REDACTED","059065a64e1727a9bd821b7aed1538c3","1","General Pledge","$30.00","$0.00","$0.00","$0.00","$0.00","$0.00","REDACTED","2019"
"REDACTED","2faba40ad0ec7b8936986282163b9672","1","General Pledge","$0.00","$2,160.00","$630.00","$0.00","$0.00","$1,530.00","REDACTED","2019"
"REDACTED","2faba40ad0ec7b8936986282163b9672","13","Easter Memorials","$40.00","$0.00","$0.00","$0.00","$0.00","$0.00","REDACTED","2019"
"REDACTED","7c34827ad111fc5ded82c26b2e9b2c48","","","$0.00","$0.00","$0.00","$0.00","$0.00","$0.00","REDACTED","2019"
"REDACTED","5f6402f0936187b76352995f8c8e3779","1","General Pledge","$0.00","$7,200.00","$2,000.00","$0.00","$0.00","$5,200.00","REDACTED","2019"
"REDACTED","50348086628ba4c515e9a26d639551cc","","","$0.00","$0.00","$0.00","$0.00","$0.00","$0.00","REDACTED","2019"
"REDACTED","bfff01f2c2231964c539b024af8d4618","1","General Pledge","$200.00","$0.00","$0.00","$0.00","$0.00","$0.00","REDACTED","2019"
"REDACTED","787a3f784a4bd1fdee2343f5ce662643","10","Easter Offering","$300.00","$0.00","$0.00","$0.00","$0.00","$0.00","REDACTED","2019"
"REDACTED","0a6ccb170cb6dcfb29a5d1093e681e2a","1","General Pledge","$800.00","$0.00","$0.00","$0.00","$0.00","$0.00","REDACTED","2019"
"REDACTED","dd28f80302d8512425c6114c9ab435f0","1","General Pledge","$300.00","$0.00","$0.00","$0.00","$0.00","$0.00","REDACTED","2019"
"REDACTED","dd28f80302d8512425c6114c9ab435f0","10","Easter Offering","$100.00","$0.00","$0.00","$0.00","$0.00","$0.00","REDACTED","2019"
"REDACTED","06a5a540b2a33aed0d2fd62083d5f1a5","","","$0.00","$0.00","$0.00","$0.00","$0.00","$0.00","REDACTED","2019"
"REDACTED","df01bff2d3188395dbf009ee4e8293a6","1","General Pledge","$0.00","$4,000.00","$4,000.00","$0.00","$0.00","$0.00","REDACTED","2019"
"REDACTED","df01bff2d3188395dbf009ee4e8293a6","5","Memorial Fund","$25.00","$0.00","$0.00","$0.00","$0.00","$0.00","REDACTED","2019"
"REDACTED","df01bff2d3188395dbf009ee4e8293a6","13","Easter Memorials","$50.00","$0.00","$0.00","$0.00","$0.00","$0.00","REDACTED","2019"
"REDACTED","01fbdfec05a88b75975993b46dca0f19","1","General Pledge","$1,000.00","$0.00","$0.00","$0.00","$0.00","$0.00","REDACTED","2019"
"REDACTED","01fbdfec05a88b75975993b46dca0f19","5","Memorial Fund","$25.00","$0.00","$0.00","$0.00","$0.00","$0.00","REDACTED","2019"
"REDACTED","558dae0dee758a8277549ef9b3c60dee","","","$0.00","$0.00","$0.00","$0.00","$0.00","$0.00","REDACTED","2019"
"REDACTED","b6508bc0a45527cbf2bafcbce151b50e","1","General Pledge","$0.00","$9,360.00","$1,620.00","$0.00","$0.00","$7,740.00","REDACTED","2019"
"REDACTED","b6508bc0a45527cbf2bafcbce151b50e","10","Easter Offering","$100.00","$0.00","$0.00","$0.00","$0.00","$0.00","REDACTED","2019"
"REDACTED","b6508bc0a45527cbf2bafcbce151b50e","108","Restoration & Repair Fund","$540.00","$0.00","$0.00","$0.00","$0.00","$0.00","REDACTED","2019"
"REDACTED","946e5f240cd2cfc8e254704e00a07414","1","General Pledge","$0.00","$9,360.00","$3,235.00","$0.00","$0.00","$6,125.00","REDACTED","2019"
"REDACTED","946e5f240cd2cfc8e254704e00a07414","108","Restoration & Repair Fund","$225.00","$0.00","$0.00","$0.00","$0.00","$0.00","REDACTED","2019"
"REDACTED","66a20754104bb33245f9a4c327a43ae6","1","General Pledge","$0.00","$3,600.00","$1,200.00","$0.00","$0.00","$2,400.00","REDACTED","2019"
"REDACTED","66a20754104bb33245f9a4c327a43ae6","13","Easter Memorials","$30.00","$0.00","$0.00","$0.00","$0.00","$0.00","REDACTED","2019"
"REDACTED","b61cf845819e91bcc9cca7410210636f","1","General Pledge","$0.00","$3,600.00","$1,200.00","$0.00","$0.00","$2,400.00","REDACTED","2019"
"REDACTED","b30910988aa9b9b6f99ae411f55d6350","","","$0.00","$0.00","$0.00","$0.00","$0.00","$0.00","REDACTED","2019"
"REDACTED","3de7e79655f57c613fb04099bef38a00","108","Restoration & Repair Fund","$300.00","$0.00","$0.00","$0.00","$0.00","$0.00","REDACTED","2019"
"REDACTED","c18870356711031b144b3e6ebf65d404","","","$0.00","$0.00","$0.00","$0.00","$0.00","$0.00","REDACTED","2019"
"REDACTED","019449e3d5227baf42781442ad5346a8","1","General Pledge","$975.00","$0.00","$0.00","$0.00","$0.00","$0.00","REDACTED","2019"
"REDACTED","62ccd8da07a33c43878186e3cf88863f","1","General Pledge","$0.00","$4,200.00","$1,000.00","$0.00","$0.00","$3,200.00","REDACTED","2019"
"REDACTED","62ccd8da07a33c43878186e3cf88863f","77","Pass Through","$250.00","$0.00","$0.00","$0.00","$0.00","$0.00","REDACTED","2019"
"REDACTED","40e8be1334b7bbf651d8da6e86b21744","1","General Pledge","$0.00","$12,000.00","$3,200.00","$0.00","$0.00","$8,800.00","REDACTED","2019"
"REDACTED","40e8be1334b7bbf651d8da6e86b21744","17","Rector Disc Fund","$200.00","$0.00","$0.00","$0.00","$0.00","$0.00","REDACTED","2019"
"REDACTED","40e8be1334b7bbf651d8da6e86b21744","100","Youth Missions","$300.00","$0.00","$0.00","$0.00","$0.00","$0.00","REDACTED","2019"
"REDACTED","c1a7fdd42e9e660a754b49499485d0c5","","","$0.00","$0.00","$0.00","$0.00","$0.00","$0.00","REDACTED","2019"
"REDACTED","fab64fad45ff00fae736a0566d6ba927","","","$0.00","$0.00","$0.00","$0.00","$0.00","$0.00","REDACTED","2019"
"REDACTED","7b26ae952f648a1fd2be1f5b69567b71","1","General Pledge","$400.00","$0.00","$0.00","$0.00","$0.00","$0.00","REDACTED","2019"
"REDACTED","1e3b41d4ce846b6597603a6e2c7a6dba","1","General Pledge","$50.00","$2,000.00","$2,000.00","$0.00","$0.00","$0.00","REDACTED","2019"
"REDACTED","b73b0edf34b634722fcd6f2827571d61","1","General Pledge","$250.00","$0.00","$0.00","$0.00","$0.00","$0.00","REDACTED","2019"
"REDACTED","61db97a90e6e5915261641e03620ada1","","","$0.00","$0.00","$0.00","$0.00","$0.00","$0.00","REDACTED","2019"
"REDACTED","35ebfcc3f57f5b6b51265f165005be7f","1","General Pledge","$0.00","$6,000.00","$2,000.00","$0.00","$0.00","$4,000.00","REDACTED","2019"
"REDACTED","44cab95b7141ddd0b1bf5807fc03b43a","1","General Pledge","$1,400.00","$0.00","$0.00","$0.00","$0.00","$0.00","REDACTED","2019"
"REDACTED","322a183ee163c4973fc9c7cc885f8b73","13","Easter Memorials","$50.00","$0.00","$0.00","$0.00","$0.00","$0.00","REDACTED","2019"
"REDACTED","22bbc857493486e499d546140719a64c","","","$0.00","$0.00","$0.00","$0.00","$0.00","$0.00","REDACTED","2019"
"REDACTED","cf461ab517facd6ae0f015e6566e813c","28","Soup Kitchen","$80.00","$0.00","$0.00","$0.00","$0.00","$0.00","REDACTED","2019"
"REDACTED","37df764df0396102dbbe9af3f41f2a80","","","$0.00","$0.00","$0.00","$0.00","$0.00","$0.00","REDACTED","2019"
"REDACTED","fb23db77c153b9522d48167914812495","","","$0.00","$0.00","$0.00","$0.00","$0.00","$0.00","REDACTED","2019"
"REDACTED","ae9fb70c8c3731ffde79f4d39e043f1a","","","$0.00","$0.00","$0.00","$0.00","$0.00","$0.00","REDACTED","2019"
"REDACTED","baba7ad34a9a62a66e97bd16fab6bc9d","1","General Pledge","$150.00","$0.00","$0.00","$0.00","$0.00","$0.00","REDACTED","2019"
"REDACTED","baba7ad34a9a62a66e97bd16fab6bc9d","77","Pass Through","$50.00","$0.00","$0.00","$0.00","$0.00","$0.00","REDACTED","2019"
"REDACTED","c8e2f1289bcf1121f2cef6094ce10f6e","1","General Pledge","$650.00","$0.00","$0.00","$0.00","$0.00","$0.00","REDACTED","2019"
"REDACTED","5ff543958be35a4376d4f2af4ee52070","","","$0.00","$0.00","$0.00","$0.00","$0.00","$0.00","REDACTED","2019"
